schema_version	member_contract_id	action_class_id	outcome_count	source_statuses	allowed_route_ids	route_set_semantics	premise_class	allowed_call_kinds	source_preservation_rule	all_outcomes_zero_call	explicit_zero_traffic	stored_borrow_mode	exclusion_kind	od4_applicability	unknown_length_applicability	action_class_disposition	member_declaration_sha256	exact_registry_sha256	route_registry_sha256	classifier_evidence_status	member_action_row_sha256
privileged-basis-exact-derivation-v1	DENSE-ALIGN-EVIDENCE	NEGATIVE	1	EXCLUDED_BLOCKS_NAMED_CLAIM	NEG-STATIC-REJECTION	ALLOWED_MEMBER_REPERTOIRE_NOT_OUTCOME_INVOCATION	NONE	NONE	NO_ADMITTED_RUNTIME_TRANSITION	YES	NO	NONE	STATIC_REJECTION	NOT_APPLICABLE	NOT_APPLICABLE	NEGATIVE_OR_DEPENDENCY_TEMPLATE	d1ea51bfbacac256659b916a5a0e4695d3d72f497066f471a68593561f5c85c3	3016206708a63b858b655e81de0e5c08e21055b0c4aa4c1ce37c2561c73e3418	a1d9352f4ad10e2b6ac212fe5bdec81464dac3f8ba3d8e13e47c89ab0faf7dfd	EXACT_93_MEMBER_PARTITION_VERIFIED	9f4e07201bffdc4a445b4005ac999432244b9ea82e8aab870eed18244830778b
privileged-basis-exact-derivation-v1	DENSE-APPEND-MOVE	MOVE_GROW	8	REQUIRED_IN_LOCK	CORE-TAKE-PUT,FAIL-ALLOC-EXACT,FAIL-CHECKED-ARITH,FAIL-RESERVE-FIRST,PROTOCOL-EXACT-FOCUS,PROTOCOL-OPAQUE-OWNER	ALLOWED_MEMBER_REPERTOIRE_NOT_OUTCOME_INVOCATION	NONE	NONE	EXACT_SOURCE_OWNER_ROLE_AND_STATE_EQUATIONS	YES	NO	NONE	NONE	NOT_APPLICABLE	NOT_APPLICABLE	PAPER_ROUTE_TEMPLATE_SELECTED_TRACE_NOT_MECHANIZED	bd74ee65415f194337752423ed8119028c9ee48861c67172d8439c8373be4fc2	3016206708a63b858b655e81de0e5c08e21055b0c4aa4c1ce37c2561c73e3418	a1d9352f4ad10e2b6ac212fe5bdec81464dac3f8ba3d8e13e47c89ab0faf7dfd	EXACT_93_MEMBER_PARTITION_VERIFIED	5da576dd89f606600a488de10d7a652547076d6f4211763f27913ffd08ab02f1
privileged-basis-exact-derivation-v1	DENSE-BOX-INIT-EVIDENCE	NEGATIVE	1	EXCLUDED_BLOCKS_NAMED_CLAIM	NEG-LATER-DOMAIN	ALLOWED_MEMBER_REPERTOIRE_NOT_OUTCOME_INVOCATION	NONE	NONE	NO_ADMITTED_RUNTIME_TRANSITION	YES	NO	NONE	LATER_DOMAIN_DEPENDENCY	NOT_APPLICABLE	NOT_APPLICABLE	NEGATIVE_OR_DEPENDENCY_TEMPLATE	ed38e7bbfa0c9df36274097545bf0ecca008cf95209130cb29b2e63553b50ad1	3016206708a63b858b655e81de0e5c08e21055b0c4aa4c1ce37c2561c73e3418	a1d9352f4ad10e2b6ac212fe5bdec81464dac3f8ba3d8e13e47c89ab0faf7dfd	EXACT_93_MEMBER_PARTITION_VERIFIED	e44143a3135cd31daf6c06a0b1dd61611affa7e41c8bff9b05a3bbb71083cb2f
privileged-basis-exact-derivation-v1	DENSE-CLEAR	DISPOSE	2	REQUIRED_IN_LOCK	PROTOCOL-EXACT-FOCUS,PROTOCOL-OPAQUE-OWNER,PROTOCOL-PLAN-DISPOSE	ALLOWED_MEMBER_REPERTOIRE_NOT_OUTCOME_INVOCATION	DISPOSITION_PLAN	PROTOCOL-PLAN-DISPOSE	EXACT_SOURCE_OWNER_ROLE_AND_STATE_EQUATIONS	YES	NO	NONE	NONE	NOT_APPLICABLE	NOT_APPLICABLE	PAPER_ROUTE_TEMPLATE_SELECTED_TRACE_NOT_MECHANIZED	121a8ad97c1f1c127d6d05f76bb8c51d5d7d24346dd49b57adef274e10ac8aa3	3016206708a63b858b655e81de0e5c08e21055b0c4aa4c1ce37c2561c73e3418	a1d9352f4ad10e2b6ac212fe5bdec81464dac3f8ba3d8e13e47c89ab0faf7dfd	EXACT_93_MEMBER_PARTITION_VERIFIED	5d902f7ccb149ca956f60956f68a3505868bea9f75ff17d03ce2b0a268f68cdf
privileged-basis-exact-derivation-v1	DENSE-CLONE-FROM	CLONE_MUTATE	6	REQUIRED_IN_LOCK	CALLABLE-CLONE,CORE-REPLACE,CORE-TAKE-PUT,FAIL-ALLOC-EXACT,FAIL-CHECKED-ARITH,FAIL-RESERVE-FIRST,PROTOCOL-EXACT-FOCUS,PROTOCOL-OPAQUE-OWNER,PROTOCOL-PLAN-DISPOSE	ALLOWED_MEMBER_REPERTOIRE_NOT_OUTCOME_INVOCATION	CLONE	CALLABLE-CLONE	EXACT_SOURCE_OWNER_ROLE_AND_STATE_EQUATIONS	NO	NO	NONE	NONE	NOT_APPLICABLE	NOT_APPLICABLE	PAPER_ROUTE_TEMPLATE_SELECTED_TRACE_NOT_MECHANIZED	2050d2c85664b87c1d930422a691bfc5340e84620ef3d155b6428a1b3570553a	3016206708a63b858b655e81de0e5c08e21055b0c4aa4c1ce37c2561c73e3418	a1d9352f4ad10e2b6ac212fe5bdec81464dac3f8ba3d8e13e47c89ab0faf7dfd	EXACT_93_MEMBER_PARTITION_VERIFIED	59bde945d2e4a39cc38e514b2eb238ec93d1445014f211e9165584bbcb2fe986
privileged-basis-exact-derivation-v1	DENSE-COLLECT	PRODUCER	8	REQUIRED_IN_LOCK	CALLABLE-PRODUCER,CORE-EMPTY-CARRIER,CORE-REPLACE,CORE-TAKE-PUT,FAIL-ALLOC-EXACT,FAIL-CHECKED-ARITH,FAIL-RESERVE-FIRST,PROTOCOL-EXACT-FOCUS,PROTOCOL-OPAQUE-OWNER,PROTOCOL-PLAN-DISPOSE	ALLOWED_MEMBER_REPERTOIRE_NOT_OUTCOME_INVOCATION	ITERATOR	CALLABLE-PRODUCER	EXACT_SOURCE_OWNER_ROLE_AND_STATE_EQUATIONS	NO	NO	ACTIVE_EXACT_ROUTE	NONE	NOT_APPLICABLE	NOT_APPLICABLE	PAPER_ROUTE_TEMPLATE_SELECTED_TRACE_NOT_MECHANIZED	08be970800e5230c397e707a0bb9db7f679fe53550cf1a3945592d46e760a80b	3016206708a63b858b655e81de0e5c08e21055b0c4aa4c1ce37c2561c73e3418	a1d9352f4ad10e2b6ac212fe5bdec81464dac3f8ba3d8e13e47c89ab0faf7dfd	EXACT_93_MEMBER_PARTITION_VERIFIED	ec8ab484becf9762ac074bb2899994d269a7fe4f9129a647e31287a31ebcd07c
privileged-basis-exact-derivation-v1	DENSE-COMPARE	READ_BEHAVIOR	2	REQUIRED_IN_LOCK	CALLABLE-USER,CORE-PARTITION-BORROW,PROTOCOL-OPAQUE-OWNER	ALLOWED_MEMBER_REPERTOIRE_NOT_OUTCOME_INVOCATION	USER_BEHAVIOR	CALLABLE-USER	SOURCE_OWNER_RETAINED_OR_EXACTLY_TRANSFERRED_AS_DECLARED	NO	NO	NONE	NONE	NOT_APPLICABLE	NOT_APPLICABLE	PAPER_ROUTE_TEMPLATE_SELECTED_TRACE_NOT_MECHANIZED	df3101e25592cc378dac4bb7ad85465ddeede4fcde51de1597c0232ae30c35a2	3016206708a63b858b655e81de0e5c08e21055b0c4aa4c1ce37c2561c73e3418	a1d9352f4ad10e2b6ac212fe5bdec81464dac3f8ba3d8e13e47c89ab0faf7dfd	EXACT_93_MEMBER_PARTITION_VERIFIED	54effdf0ce81f719c50780dbedb7006181d6691cdd4d4f4850079f61079c6570
privileged-basis-exact-derivation-v1	DENSE-CONCAT	CLONE_BUILD	4	REQUIRED_IN_LOCK	CALLABLE-CLONE,CORE-EMPTY-CARRIER,CORE-TAKE-PUT,FAIL-ALLOC-EXACT,FAIL-CHECKED-ARITH,FAIL-RESERVE-FIRST,PROTOCOL-EXACT-FOCUS,PROTOCOL-OPAQUE-OWNER,PROTOCOL-PLAN-DISPOSE	ALLOWED_MEMBER_REPERTOIRE_NOT_OUTCOME_INVOCATION	CLONE	CALLABLE-CLONE	EXACT_SOURCE_OWNER_ROLE_AND_STATE_EQUATIONS	NO	NO	NONE	NONE	NOT_APPLICABLE	NOT_APPLICABLE	PAPER_ROUTE_TEMPLATE_SELECTED_TRACE_NOT_MECHANIZED	0ddef1877dc01416489b5c77ec3c859a56929ed10857d6dfe3f109e877880c6f	3016206708a63b858b655e81de0e5c08e21055b0c4aa4c1ce37c2561c73e3418	a1d9352f4ad10e2b6ac212fe5bdec81464dac3f8ba3d8e13e47c89ab0faf7dfd	EXACT_93_MEMBER_PARTITION_VERIFIED	19981d61c615583d58c050d4cc3db6999b34497d2a8dc0675e5a115e0702bf78
privileged-basis-exact-derivation-v1	DENSE-CONVERT	CONVERT	4	REQUIRED_IN_LOCK	CALLABLE-PRODUCER,CORE-REPACKAGE-FULL-STORAGE,CORE-RESHAPE-PARTITION,CORE-TAKE-PUT,FAIL-ALLOC-EXACT,FAIL-CHECKED-ARITH,PROTOCOL-EXACT-FOCUS,PROTOCOL-OPAQUE-OWNER	ALLOWED_MEMBER_REPERTOIRE_NOT_OUTCOME_INVOCATION	DECLARED_CONVERSION	CALLABLE-PRODUCER	EXACT_SOURCE_OWNER_ROLE_AND_STATE_EQUATIONS	NO	NO	NONE	NONE	NOT_APPLICABLE	NOT_APPLICABLE	PAPER_ROUTE_TEMPLATE_SELECTED_TRACE_NOT_MECHANIZED	e6ea63841209a10991f755abafc2332a109f2c6549cfaeee452a5b6fba094408	3016206708a63b858b655e81de0e5c08e21055b0c4aa4c1ce37c2561c73e3418	a1d9352f4ad10e2b6ac212fe5bdec81464dac3f8ba3d8e13e47c89ab0faf7dfd	EXACT_93_MEMBER_PARTITION_VERIFIED	d22d3cb739d533a03baf5547579c94d339772712fdbd617daea9714801492381
privileged-basis-exact-derivation-v1	DENSE-COPY-FROM	COPY	2	REQUIRED_IN_LOCK	CORE-COPY,CORE-PARTITION-BORROW,CORE-TYPED-PLACE,FAIL-CHECKED-ARITH,PROTOCOL-OPAQUE-OWNER	ALLOWED_MEMBER_REPERTOIRE_NOT_OUTCOME_INVOCATION	CORE_COPY	CORE-COPY	SOURCE_REMAINS_FULL_DESTINATION_ONLY_CHANGES	YES	NO	NONE	NONE	NOT_APPLICABLE	NOT_APPLICABLE	PAPER_ROUTE_TEMPLATE_SELECTED_TRACE_NOT_MECHANIZED	4137706e11b03dc8f85d5b5c9f6e5ab37f83970d44a437cf8107a0cc89736030	3016206708a63b858b655e81de0e5c08e21055b0c4aa4c1ce37c2561c73e3418	a1d9352f4ad10e2b6ac212fe5bdec81464dac3f8ba3d8e13e47c89ab0faf7dfd	EXACT_93_MEMBER_PARTITION_VERIFIED	1201a2052cba506d184d16faf8efeaf7c02666794df41f0b51ac65b2a679a5f7
privileged-basis-exact-derivation-v1	DENSE-COPY-WITHIN	COPY	2	REQUIRED_IN_LOCK	CORE-COPY,CORE-PARTITION-BORROW,CORE-TYPED-PLACE,FAIL-CHECKED-ARITH,PROTOCOL-OPAQUE-OWNER	ALLOWED_MEMBER_REPERTOIRE_NOT_OUTCOME_INVOCATION	CORE_COPY	CORE-COPY	SOURCE_REMAINS_FULL_DESTINATION_ONLY_CHANGES	YES	NO	NONE	NONE	NOT_APPLICABLE	NOT_APPLICABLE	PAPER_ROUTE_TEMPLATE_SELECTED_TRACE_NOT_MECHANIZED	27e022334797fbe31c6f859d28d3f32149d4fb8f8d6ed15321c07ec41d17dc08	3016206708a63b858b655e81de0e5c08e21055b0c4aa4c1ce37c2561c73e3418	a1d9352f4ad10e2b6ac212fe5bdec81464dac3f8ba3d8e13e47c89ab0faf7dfd	EXACT_93_MEMBER_PARTITION_VERIFIED	16c821be7483440ccccf79e90333edb67f5ffe8af06dcfeeffce421560f685b7
privileged-basis-exact-derivation-v1	DENSE-DEDUP	CALLABLE_COMPACT	2	REQUIRED_IN_LOCK	CALLABLE-USER,CORE-TAKE-PUT,FAIL-ALLOC-EXACT,FAIL-CHECKED-ARITH,FAIL-RESERVE-FIRST,PROTOCOL-EXACT-FOCUS,PROTOCOL-OPAQUE-OWNER,PROTOCOL-PLAN-DISPOSE	ALLOWED_MEMBER_REPERTOIRE_NOT_OUTCOME_INVOCATION	USER_BEHAVIOR	CALLABLE-USER	EXACT_SOURCE_OWNER_ROLE_AND_STATE_EQUATIONS	NO	NO	NONE	NONE	NOT_APPLICABLE	NOT_APPLICABLE	PAPER_ROUTE_TEMPLATE_SELECTED_TRACE_NOT_MECHANIZED	95435c57608c507257ce8fd01b4ad3b3cccccfc877d4d34c75bac1c592c3b72a	3016206708a63b858b655e81de0e5c08e21055b0c4aa4c1ce37c2561c73e3418	a1d9352f4ad10e2b6ac212fe5bdec81464dac3f8ba3d8e13e47c89ab0faf7dfd	EXACT_93_MEMBER_PARTITION_VERIFIED	39aa4987bd96e2110066751e5716a9285e49694af9704b553ba6d36ac3bc8521
privileged-basis-exact-derivation-v1	DENSE-DEDUP-BY	CALLABLE_COMPACT	2	REQUIRED_IN_LOCK	CALLABLE-USER,CORE-TAKE-PUT,FAIL-ALLOC-EXACT,FAIL-CHECKED-ARITH,FAIL-RESERVE-FIRST,PROTOCOL-EXACT-FOCUS,PROTOCOL-OPAQUE-OWNER,PROTOCOL-PLAN-DISPOSE	ALLOWED_MEMBER_REPERTOIRE_NOT_OUTCOME_INVOCATION	USER_BEHAVIOR	CALLABLE-USER	EXACT_SOURCE_OWNER_ROLE_AND_STATE_EQUATIONS	NO	NO	NONE	NONE	NOT_APPLICABLE	NOT_APPLICABLE	PAPER_ROUTE_TEMPLATE_SELECTED_TRACE_NOT_MECHANIZED	bd32cc9fe5207bc2737b4f5b7951e589172f0f4fd41ac22f232319f4061bc953	3016206708a63b858b655e81de0e5c08e21055b0c4aa4c1ce37c2561c73e3418	a1d9352f4ad10e2b6ac212fe5bdec81464dac3f8ba3d8e13e47c89ab0faf7dfd	EXACT_93_MEMBER_PARTITION_VERIFIED	fb0c83f232aa61e70bcc661157dd76c225154c0c2fe1951060d9dc901c9b7f4f
privileged-basis-exact-derivation-v1	DENSE-DEDUP-BY-KEY	CALLABLE_COMPACT	2	REQUIRED_IN_LOCK	CALLABLE-USER,CORE-TAKE-PUT,FAIL-ALLOC-EXACT,FAIL-CHECKED-ARITH,FAIL-RESERVE-FIRST,PROTOCOL-EXACT-FOCUS,PROTOCOL-OPAQUE-OWNER,PROTOCOL-PLAN-DISPOSE	ALLOWED_MEMBER_REPERTOIRE_NOT_OUTCOME_INVOCATION	USER_BEHAVIOR	CALLABLE-USER	EXACT_SOURCE_OWNER_ROLE_AND_STATE_EQUATIONS	NO	NO	NONE	NONE	NOT_APPLICABLE	NOT_APPLICABLE	PAPER_ROUTE_TEMPLATE_SELECTED_TRACE_NOT_MECHANIZED	18554be3f6fa46a1334d76e959b83f140bc18bd09f7c321109de20ac98b66e10	3016206708a63b858b655e81de0e5c08e21055b0c4aa4c1ce37c2561c73e3418	a1d9352f4ad10e2b6ac212fe5bdec81464dac3f8ba3d8e13e47c89ab0faf7dfd	EXACT_93_MEMBER_PARTITION_VERIFIED	25b09c0516d45c1adbae42c6bb63ec909973c46d9154d153ebf36eeca6b35530
privileged-basis-exact-derivation-v1	DENSE-DEFAULT	EMPTY	1	REQUIRED_IN_LOCK	CORE-EMPTY-CARRIER,PROTOCOL-OPAQUE-OWNER	ALLOWED_MEMBER_REPERTOIRE_NOT_OUTCOME_INVOCATION	NONE	NONE	EXACT_SOURCE_OWNER_ROLE_AND_STATE_EQUATIONS	YES	YES	NONE	NONE	NOT_APPLICABLE	NOT_APPLICABLE	PAPER_ROUTE_TEMPLATE_SELECTED_TRACE_NOT_MECHANIZED	1998a4ec1d5fb17019f03da7c0a266ed46763368274969948f0c6a91bc2d530d	3016206708a63b858b655e81de0e5c08e21055b0c4aa4c1ce37c2561c73e3418	a1d9352f4ad10e2b6ac212fe5bdec81464dac3f8ba3d8e13e47c89ab0faf7dfd	EXACT_93_MEMBER_PARTITION_VERIFIED	16ba8a446798e4490c4e25dd027996e3ef330627cda92476fb1c569d2023d398
privileged-basis-exact-derivation-v1	DENSE-DROP	DISPOSE	2	REQUIRED_IN_LOCK	PROTOCOL-EXACT-FOCUS,PROTOCOL-OPAQUE-OWNER,PROTOCOL-PLAN-DISPOSE	ALLOWED_MEMBER_REPERTOIRE_NOT_OUTCOME_INVOCATION	DISPOSITION_PLAN	PROTOCOL-PLAN-DISPOSE	EXACT_SOURCE_OWNER_ROLE_AND_STATE_EQUATIONS	NO	NO	NONE	NONE	NOT_APPLICABLE	NOT_APPLICABLE	PAPER_ROUTE_TEMPLATE_SELECTED_TRACE_NOT_MECHANIZED	49c0f7a339432d47e5a12382a6113d382dc39264be5b721a1d43b627d817b658	3016206708a63b858b655e81de0e5c08e21055b0c4aa4c1ce37c2561c73e3418	a1d9352f4ad10e2b6ac212fe5bdec81464dac3f8ba3d8e13e47c89ab0faf7dfd	EXACT_93_MEMBER_PARTITION_VERIFIED	e357a418f97f1f475f41d0537d696f957d58b3c54a30e260d6c0ccac688102a5
privileged-basis-exact-derivation-v1	DENSE-EAGER-EXTRACT	CALLABLE_COMPACT	2	CONDITIONAL_ON_UNRESOLVED_THREE_WAY_OD-4	CALLABLE-USER,CORE-TAKE-PUT,FAIL-ALLOC-EXACT,FAIL-CHECKED-ARITH,FAIL-RESERVE-FIRST,PROTOCOL-EXACT-FOCUS,PROTOCOL-OPAQUE-OWNER,PROTOCOL-PLAN-DISPOSE	ALLOWED_MEMBER_REPERTOIRE_NOT_OUTCOME_INVOCATION	USER_BEHAVIOR	CALLABLE-USER	EXACT_SOURCE_OWNER_ROLE_AND_STATE_EQUATIONS	NO	NO	ACTIVE_EXACT_ROUTE	NONE	SOURCE_CONDITIONAL	NOT_APPLICABLE	PAPER_ROUTE_TEMPLATE_SELECTED_TRACE_NOT_MECHANIZED	beb267cb84fbccc4a054650a61bc6c900042e6c18bfd3ddc0c710175de42a737	3016206708a63b858b655e81de0e5c08e21055b0c4aa4c1ce37c2561c73e3418	a1d9352f4ad10e2b6ac212fe5bdec81464dac3f8ba3d8e13e47c89ab0faf7dfd	EXACT_93_MEMBER_PARTITION_VERIFIED	965372892a7da3bd8c5cb9b9fc8bebb00537784de191392c6b6f7e2668e3ac84
privileged-basis-exact-derivation-v1	DENSE-EAGER-SPLICE	CALLABLE_COMPACT	10	BLOCKED_UNKNOWN_LENGTH_RECOVERY_AND_CONDITIONAL_ON_UNRESOLVED_THREE_WAY_OD-4,CONDITIONAL_ON_UNRESOLVED_THREE_WAY_OD-4	CALLABLE-PRODUCER,CORE-TAKE-PUT,FAIL-ALLOC-EXACT,FAIL-CHECKED-ARITH,FAIL-RESERVE-FIRST,PROTOCOL-EXACT-FOCUS,PROTOCOL-OPAQUE-OWNER,PROTOCOL-PLAN-DISPOSE	ALLOWED_MEMBER_REPERTOIRE_NOT_OUTCOME_INVOCATION	PRODUCER	CALLABLE-PRODUCER	EXACT_SOURCE_OWNER_ROLE_AND_STATE_EQUATIONS	NO	NO	ACTIVE_EXACT_ROUTE	NONE	SOURCE_CONDITIONAL	SOURCE_BLOCKED	PAPER_ROUTE_TEMPLATE_SELECTED_TRACE_NOT_MECHANIZED	a60d02f45ad4b1487f35df59461ffe7fff19848ad6775500704ca0bcf9bd997d	3016206708a63b858b655e81de0e5c08e21055b0c4aa4c1ce37c2561c73e3418	a1d9352f4ad10e2b6ac212fe5bdec81464dac3f8ba3d8e13e47c89ab0faf7dfd	EXACT_93_MEMBER_PARTITION_VERIFIED	69f9e3d99424a97e6f7395a36a9a419f9ae4b18e6594f34200620c08adc16e00
privileged-basis-exact-derivation-v1	DENSE-EXTEND-CLONE	CLONE_BUILD	10	REQUIRED_IN_LOCK	CALLABLE-CLONE,CORE-EMPTY-CARRIER,CORE-TAKE-PUT,FAIL-ALLOC-EXACT,FAIL-CHECKED-ARITH,FAIL-RESERVE-FIRST,PROTOCOL-EXACT-FOCUS,PROTOCOL-OPAQUE-OWNER,PROTOCOL-PLAN-DISPOSE	ALLOWED_MEMBER_REPERTOIRE_NOT_OUTCOME_INVOCATION	CLONE	CALLABLE-CLONE	EXACT_SOURCE_OWNER_ROLE_AND_STATE_EQUATIONS	NO	NO	NONE	NONE	NOT_APPLICABLE	NOT_APPLICABLE	PAPER_ROUTE_TEMPLATE_SELECTED_TRACE_NOT_MECHANIZED	509cf219b851380755f8860382c4e0ee67bead0f9f35fc3b3b46eb0fd03c590b	3016206708a63b858b655e81de0e5c08e21055b0c4aa4c1ce37c2561c73e3418	a1d9352f4ad10e2b6ac212fe5bdec81464dac3f8ba3d8e13e47c89ab0faf7dfd	EXACT_93_MEMBER_PARTITION_VERIFIED	a5a0df68678817f3563cc3922a27e738768e5f3ac914f5ea00798cc9a7bb9bc0
privileged-basis-exact-derivation-v1	DENSE-EXTEND-ITER	PRODUCER	10	BLOCKED_UNTIL_UNKNOWN_LENGTH_RECOVERY_RULE_IS_OWNER_APPROVED,REQUIRED_IN_LOCK	CALLABLE-PRODUCER,CORE-EMPTY-CARRIER,CORE-REPLACE,CORE-TAKE-PUT,FAIL-ALLOC-EXACT,FAIL-CHECKED-ARITH,FAIL-RESERVE-FIRST,PROTOCOL-EXACT-FOCUS,PROTOCOL-OPAQUE-OWNER,PROTOCOL-PLAN-DISPOSE	ALLOWED_MEMBER_REPERTOIRE_NOT_OUTCOME_INVOCATION	ITERATOR	CALLABLE-PRODUCER	EXACT_SOURCE_OWNER_ROLE_AND_STATE_EQUATIONS	NO	NO	ACTIVE_EXACT_ROUTE	NONE	NOT_APPLICABLE	SOURCE_BLOCKED	PAPER_ROUTE_TEMPLATE_SELECTED_TRACE_NOT_MECHANIZED	7e22bc5a26968e5a45644f8fdad11d78f2d048083687b42d71e4054f5697fbfe	3016206708a63b858b655e81de0e5c08e21055b0c4aa4c1ce37c2561c73e3418	a1d9352f4ad10e2b6ac212fe5bdec81464dac3f8ba3d8e13e47c89ab0faf7dfd	EXACT_93_MEMBER_PARTITION_VERIFIED	409eba0ee7976eadb671243d36e20dd93cef577b472b34df3ec859e23f298db6
privileged-basis-exact-derivation-v1	DENSE-EXTEND-WITHIN	CLONE_BUILD	10	REQUIRED_IN_LOCK	CALLABLE-CLONE,CORE-EMPTY-CARRIER,CORE-TAKE-PUT,FAIL-ALLOC-EXACT,FAIL-CHECKED-ARITH,FAIL-RESERVE-FIRST,PROTOCOL-EXACT-FOCUS,PROTOCOL-OPAQUE-OWNER,PROTOCOL-PLAN-DISPOSE	ALLOWED_MEMBER_REPERTOIRE_NOT_OUTCOME_INVOCATION	CLONE	CALLABLE-CLONE	EXACT_SOURCE_OWNER_ROLE_AND_STATE_EQUATIONS	NO	NO	NONE	NONE	NOT_APPLICABLE	NOT_APPLICABLE	PAPER_ROUTE_TEMPLATE_SELECTED_TRACE_NOT_MECHANIZED	df56c59d330609fc30dff813f1955b5ca8bc298b8c451076a50076026d9db3c1	3016206708a63b858b655e81de0e5c08e21055b0c4aa4c1ce37c2561c73e3418	a1d9352f4ad10e2b6ac212fe5bdec81464dac3f8ba3d8e13e47c89ab0faf7dfd	EXACT_93_MEMBER_PARTITION_VERIFIED	512744ee29b8520118246322e6f76483212c33d6ab17695b9a17acb9ff0b7f70
privileged-basis-exact-derivation-v1	DENSE-FILL-CLONE	CLONE_MUTATE	2	REQUIRED_IN_LOCK	CALLABLE-CLONE,CORE-REPLACE,CORE-TAKE-PUT,FAIL-ALLOC-EXACT,FAIL-CHECKED-ARITH,FAIL-RESERVE-FIRST,PROTOCOL-EXACT-FOCUS,PROTOCOL-OPAQUE-OWNER,PROTOCOL-PLAN-DISPOSE	ALLOWED_MEMBER_REPERTOIRE_NOT_OUTCOME_INVOCATION	CLONE	CALLABLE-CLONE	EXACT_SOURCE_OWNER_ROLE_AND_STATE_EQUATIONS	NO	NO	NONE	NONE	NOT_APPLICABLE	NOT_APPLICABLE	PAPER_ROUTE_TEMPLATE_SELECTED_TRACE_NOT_MECHANIZED	c14bb033018c0c313bf82403a280a4b592c9f262fdef85cbad222a694d3a3ee8	3016206708a63b858b655e81de0e5c08e21055b0c4aa4c1ce37c2561c73e3418	a1d9352f4ad10e2b6ac212fe5bdec81464dac3f8ba3d8e13e47c89ab0faf7dfd	EXACT_93_MEMBER_PARTITION_VERIFIED	806315d8b328d96241b65a5d2fabc5c531487595cb40b6481f062680100de54c
privileged-basis-exact-derivation-v1	DENSE-FILL-WITH	PRODUCER	2	REQUIRED_IN_LOCK	CALLABLE-PRODUCER,CORE-EMPTY-CARRIER,CORE-REPLACE,CORE-TAKE-PUT,FAIL-ALLOC-EXACT,FAIL-CHECKED-ARITH,FAIL-RESERVE-FIRST,PROTOCOL-EXACT-FOCUS,PROTOCOL-OPAQUE-OWNER,PROTOCOL-PLAN-DISPOSE	ALLOWED_MEMBER_REPERTOIRE_NOT_OUTCOME_INVOCATION	PRODUCER	CALLABLE-PRODUCER	EXACT_SOURCE_OWNER_ROLE_AND_STATE_EQUATIONS	NO	NO	NONE	NONE	NOT_APPLICABLE	NOT_APPLICABLE	PAPER_ROUTE_TEMPLATE_SELECTED_TRACE_NOT_MECHANIZED	7306eb97a19341f9af894f8eb67a7af2041b50b94773f6488720e79dfc1d39f0	3016206708a63b858b655e81de0e5c08e21055b0c4aa4c1ce37c2561c73e3418	a1d9352f4ad10e2b6ac212fe5bdec81464dac3f8ba3d8e13e47c89ab0faf7dfd	EXACT_93_MEMBER_PARTITION_VERIFIED	84163ae67e1272813b3bcece6c2193e3bce84e18e87a662c0552808d3691d521
privileged-basis-exact-derivation-v1	DENSE-FIXED-EACH	BORROW	1	REQUIRED_IN_LOCK	CORE-PARTITION-BORROW,FAIL-CHECKED-ARITH,PROTOCOL-OPAQUE-OWNER	ALLOWED_MEMBER_REPERTOIRE_NOT_OUTCOME_INVOCATION	NONE	NONE	SOURCE_OWNER_RETAINED_OR_EXACTLY_TRANSFERRED_AS_DECLARED	YES	NO	NONE	NONE	NOT_APPLICABLE	NOT_APPLICABLE	PAPER_ROUTE_TEMPLATE_SELECTED_TRACE_NOT_MECHANIZED	874c62e38473bc2ec8970742be84a854f52540d19931df7c95b3472f3899aff0	3016206708a63b858b655e81de0e5c08e21055b0c4aa4c1ce37c2561c73e3418	a1d9352f4ad10e2b6ac212fe5bdec81464dac3f8ba3d8e13e47c89ab0faf7dfd	EXACT_93_MEMBER_PARTITION_VERIFIED	116da5dc2cbaafc0f942ee25e3ad323ead324ad4bb61a72707caba8d01ca4842
privileged-basis-exact-derivation-v1	DENSE-FIXED-MAP	PRODUCER	2	REQUIRED_IN_LOCK	CALLABLE-PRODUCER,CORE-EMPTY-CARRIER,CORE-REPLACE,CORE-TAKE-PUT,FAIL-ALLOC-EXACT,FAIL-CHECKED-ARITH,FAIL-RESERVE-FIRST,PROTOCOL-EXACT-FOCUS,PROTOCOL-OPAQUE-OWNER,PROTOCOL-PLAN-DISPOSE	ALLOWED_MEMBER_REPERTOIRE_NOT_OUTCOME_INVOCATION	PRODUCER	CALLABLE-PRODUCER	EXACT_SOURCE_OWNER_ROLE_AND_STATE_EQUATIONS	NO	NO	NONE	NONE	NOT_APPLICABLE	NOT_APPLICABLE	PAPER_ROUTE_TEMPLATE_SELECTED_TRACE_NOT_MECHANIZED	9bc722a656d3cd10d60165ab34acef63662aa08e5da668699a141bf3be0a6dfd	3016206708a63b858b655e81de0e5c08e21055b0c4aa4c1ce37c2561c73e3418	a1d9352f4ad10e2b6ac212fe5bdec81464dac3f8ba3d8e13e47c89ab0faf7dfd	EXACT_93_MEMBER_PARTITION_VERIFIED	41f0f9f788b1ac61743a065ca2b376e00ba2ddd3f65d3db5923abfbd4c6beebf
privileged-basis-exact-derivation-v1	DENSE-FIXED-VIEW	BORROW	1	REQUIRED_IN_LOCK	CORE-PARTITION-BORROW,FAIL-CHECKED-ARITH,PROTOCOL-OPAQUE-OWNER	ALLOWED_MEMBER_REPERTOIRE_NOT_OUTCOME_INVOCATION	NONE	NONE	SOURCE_OWNER_RETAINED_OR_EXACTLY_TRANSFERRED_AS_DECLARED	YES	NO	NONE	NONE	NOT_APPLICABLE	NOT_APPLICABLE	PAPER_ROUTE_TEMPLATE_SELECTED_TRACE_NOT_MECHANIZED	2e60e7099ab63d953378ef5839eef7de213591b7829d89c2e7b2866e07b1c045	3016206708a63b858b655e81de0e5c08e21055b0c4aa4c1ce37c2561c73e3418	a1d9352f4ad10e2b6ac212fe5bdec81464dac3f8ba3d8e13e47c89ab0faf7dfd	EXACT_93_MEMBER_PARTITION_VERIFIED	68f713161e88e91d68c90a1d1213c158b212e86582f1124d54006174e61e7006
privileged-basis-exact-derivation-v1	DENSE-FRESH-CLONE	CLONE_BUILD	8	REQUIRED_IN_LOCK	CALLABLE-CLONE,CORE-EMPTY-CARRIER,CORE-TAKE-PUT,FAIL-ALLOC-EXACT,FAIL-CHECKED-ARITH,FAIL-RESERVE-FIRST,PROTOCOL-EXACT-FOCUS,PROTOCOL-OPAQUE-OWNER,PROTOCOL-PLAN-DISPOSE	ALLOWED_MEMBER_REPERTOIRE_NOT_OUTCOME_INVOCATION	CLONE	CALLABLE-CLONE	EXACT_SOURCE_OWNER_ROLE_AND_STATE_EQUATIONS	NO	NO	NONE	NONE	NOT_APPLICABLE	NOT_APPLICABLE	PAPER_ROUTE_TEMPLATE_SELECTED_TRACE_NOT_MECHANIZED	393414d71ae9612515702c22b579f6ebc2598cce915d87101a5459cf79fcbc00	3016206708a63b858b655e81de0e5c08e21055b0c4aa4c1ce37c2561c73e3418	a1d9352f4ad10e2b6ac212fe5bdec81464dac3f8ba3d8e13e47c89ab0faf7dfd	EXACT_93_MEMBER_PARTITION_VERIFIED	c9039e53da27815cab1c9c1b518c7999b47a6433c9a23e9e41a20e288755411b
privileged-basis-exact-derivation-v1	DENSE-HASH-TRAVERSAL	READ_BEHAVIOR	2	REQUIRED_IN_LOCK	CALLABLE-USER,CORE-PARTITION-BORROW,PROTOCOL-OPAQUE-OWNER	ALLOWED_MEMBER_REPERTOIRE_NOT_OUTCOME_INVOCATION	USER_BEHAVIOR	CALLABLE-USER	SOURCE_OWNER_RETAINED_OR_EXACTLY_TRANSFERRED_AS_DECLARED	NO	NO	NONE	NONE	NOT_APPLICABLE	NOT_APPLICABLE	PAPER_ROUTE_TEMPLATE_SELECTED_TRACE_NOT_MECHANIZED	9322db75cc6db376577f48ac280b4a0640206aed41a25ae6fef79b1b8c1b1690	3016206708a63b858b655e81de0e5c08e21055b0c4aa4c1ce37c2561c73e3418	a1d9352f4ad10e2b6ac212fe5bdec81464dac3f8ba3d8e13e47c89ab0faf7dfd	EXACT_93_MEMBER_PARTITION_VERIFIED	e9e33005c2fb0a9a20b97f122598efc437bf1b56e817173946787de3fd9d086f
privileged-basis-exact-derivation-v1	DENSE-INDEX-SHARED	BORROW	2	REQUIRED_IN_LOCK	CALLABLE-USER,CORE-PARTITION-BORROW,FAIL-CHECKED-ARITH,PROTOCOL-OPAQUE-OWNER	ALLOWED_MEMBER_REPERTOIRE_NOT_OUTCOME_INVOCATION	STATIC_INDEX	CALLABLE-USER	SOURCE_OWNER_RETAINED_OR_EXACTLY_TRANSFERRED_AS_DECLARED	NO	NO	NONE	NONE	NOT_APPLICABLE	NOT_APPLICABLE	PAPER_ROUTE_TEMPLATE_SELECTED_TRACE_NOT_MECHANIZED	d7c1b9da4bb98d6c8a29fa404a0b730e72913d7907ed13b4f8a0857428db4014	3016206708a63b858b655e81de0e5c08e21055b0c4aa4c1ce37c2561c73e3418	a1d9352f4ad10e2b6ac212fe5bdec81464dac3f8ba3d8e13e47c89ab0faf7dfd	EXACT_93_MEMBER_PARTITION_VERIFIED	bb2dc9e28f32fc66296beaa39d6d08aa2de542a8a3223c031dbbb67bdc4268e4
privileged-basis-exact-derivation-v1	DENSE-INDEX-UNIQ	BORROW	2	REQUIRED_IN_LOCK	CALLABLE-USER,CORE-PARTITION-BORROW,FAIL-CHECKED-ARITH,PROTOCOL-OPAQUE-OWNER	ALLOWED_MEMBER_REPERTOIRE_NOT_OUTCOME_INVOCATION	STATIC_INDEX	CALLABLE-USER	SOURCE_OWNER_RETAINED_OR_EXACTLY_TRANSFERRED_AS_DECLARED	NO	NO	NONE	NONE	NOT_APPLICABLE	NOT_APPLICABLE	PAPER_ROUTE_TEMPLATE_SELECTED_TRACE_NOT_MECHANIZED	5dfc5f6ece0c09f909a16924b7fdc6415d473b488b5dbf0fac8a0327fafb6260	3016206708a63b858b655e81de0e5c08e21055b0c4aa4c1ce37c2561c73e3418	a1d9352f4ad10e2b6ac212fe5bdec81464dac3f8ba3d8e13e47c89ab0faf7dfd	EXACT_93_MEMBER_PARTITION_VERIFIED	82d113ac691d81ee011ecc926b10e143d09ffd4036eff9fdd08882dc073d7821
privileged-basis-exact-derivation-v1	DENSE-INIT-AUTHORITY-EVIDENCE	NEGATIVE	1	EXCLUDED_BLOCKS_NAMED_CLAIM	NEG-STATIC-REJECTION	ALLOWED_MEMBER_REPERTOIRE_NOT_OUTCOME_INVOCATION	NONE	NONE	NO_ADMITTED_RUNTIME_TRANSITION	YES	NO	NONE	STATIC_REJECTION	NOT_APPLICABLE	NOT_APPLICABLE	NEGATIVE_OR_DEPENDENCY_TEMPLATE	f5297a7fd08e501710be083aecbdda4e43793f94fbdb11896b58eef3805b56d8	3016206708a63b858b655e81de0e5c08e21055b0c4aa4c1ce37c2561c73e3418	a1d9352f4ad10e2b6ac212fe5bdec81464dac3f8ba3d8e13e47c89ab0faf7dfd	EXACT_93_MEMBER_PARTITION_VERIFIED	bdd6b07f39cafa4f3d91bc5bf96c0e970b5cf3002968346ba33610453eb3c6cb
privileged-basis-exact-derivation-v1	DENSE-INIT-CLONE	CLONE_BUILD	4	REQUIRED_IN_LOCK	CALLABLE-CLONE,CORE-EMPTY-CARRIER,CORE-TAKE-PUT,FAIL-ALLOC-EXACT,FAIL-CHECKED-ARITH,FAIL-RESERVE-FIRST,PROTOCOL-EXACT-FOCUS,PROTOCOL-OPAQUE-OWNER,PROTOCOL-PLAN-DISPOSE	ALLOWED_MEMBER_REPERTOIRE_NOT_OUTCOME_INVOCATION	CLONE	CALLABLE-CLONE	EXACT_SOURCE_OWNER_ROLE_AND_STATE_EQUATIONS	NO	NO	NONE	NONE	NOT_APPLICABLE	NOT_APPLICABLE	PAPER_ROUTE_TEMPLATE_SELECTED_TRACE_NOT_MECHANIZED	d6a26dd3fd66652bdc79c2d8617af6e4f71277a35dcfc2038ccd5922ced14541	3016206708a63b858b655e81de0e5c08e21055b0c4aa4c1ce37c2561c73e3418	a1d9352f4ad10e2b6ac212fe5bdec81464dac3f8ba3d8e13e47c89ab0faf7dfd	EXACT_93_MEMBER_PARTITION_VERIFIED	dc4e10b01ee15e737fcc3cc4ec5d93252dda161e9d0db914014794ef69cdd2c4
privileged-basis-exact-derivation-v1	DENSE-INIT-COPY	COPY	3	REQUIRED_IN_LOCK	CORE-COPY,CORE-PARTITION-BORROW,CORE-TYPED-PLACE,FAIL-CHECKED-ARITH,PROTOCOL-EXACT-FOCUS,PROTOCOL-OPAQUE-OWNER	ALLOWED_MEMBER_REPERTOIRE_NOT_OUTCOME_INVOCATION	CORE_COPY	CORE-COPY	SOURCE_REMAINS_FULL_DESTINATION_ONLY_CHANGES	YES	NO	NONE	NONE	NOT_APPLICABLE	NOT_APPLICABLE	PAPER_ROUTE_TEMPLATE_SELECTED_TRACE_NOT_MECHANIZED	76053df5beeb950fa2d809eeec6fccb2c2286fb08cecfe7e6bc0755142c74482	3016206708a63b858b655e81de0e5c08e21055b0c4aa4c1ce37c2561c73e3418	a1d9352f4ad10e2b6ac212fe5bdec81464dac3f8ba3d8e13e47c89ab0faf7dfd	EXACT_93_MEMBER_PARTITION_VERIFIED	0461194d6960077721e70d2d14e405d05d1a76539c2d0c42716bd02a1b2442b0
privileged-basis-exact-derivation-v1	DENSE-INSERT	MOVE_GROW	8	REQUIRED_IN_LOCK	CORE-TAKE-PUT,FAIL-ALLOC-EXACT,FAIL-CHECKED-ARITH,FAIL-RESERVE-FIRST,PROTOCOL-EXACT-FOCUS,PROTOCOL-OPAQUE-OWNER	ALLOWED_MEMBER_REPERTOIRE_NOT_OUTCOME_INVOCATION	NONE	NONE	EXACT_SOURCE_OWNER_ROLE_AND_STATE_EQUATIONS	YES	NO	NONE	NONE	NOT_APPLICABLE	NOT_APPLICABLE	PAPER_ROUTE_TEMPLATE_SELECTED_TRACE_NOT_MECHANIZED	10009a2f55b8883048d83ed35260fb091978e15e122fdfeef3f4851b6d722f8f	3016206708a63b858b655e81de0e5c08e21055b0c4aa4c1ce37c2561c73e3418	a1d9352f4ad10e2b6ac212fe5bdec81464dac3f8ba3d8e13e47c89ab0faf7dfd	EXACT_93_MEMBER_PARTITION_VERIFIED	41fb5f7746328573a8ceab440878f023a720e5d3fa3f3c381cb8c57b1ac82586
privileged-basis-exact-derivation-v1	DENSE-INSERT-UNIQ	MOVE_GROW	8	REQUIRED_IN_LOCK	CORE-TAKE-PUT,FAIL-ALLOC-EXACT,FAIL-CHECKED-ARITH,FAIL-RESERVE-FIRST,PROTOCOL-EXACT-FOCUS,PROTOCOL-OPAQUE-OWNER	ALLOWED_MEMBER_REPERTOIRE_NOT_OUTCOME_INVOCATION	NONE	NONE	EXACT_SOURCE_OWNER_ROLE_AND_STATE_EQUATIONS	YES	NO	NONE	NONE	NOT_APPLICABLE	NOT_APPLICABLE	PAPER_ROUTE_TEMPLATE_SELECTED_TRACE_NOT_MECHANIZED	158134863f10e20e015a2a5f208a718bdecf89ef25640269b26bce025ab8a9e8	3016206708a63b858b655e81de0e5c08e21055b0c4aa4c1ce37c2561c73e3418	a1d9352f4ad10e2b6ac212fe5bdec81464dac3f8ba3d8e13e47c89ab0faf7dfd	EXACT_93_MEMBER_PARTITION_VERIFIED	0d8d485e7a0544ded8c86f59d4b757ab1f8ad8f87e03c178e052b609f69c8cf3
privileged-basis-exact-derivation-v1	DENSE-INTO-BOXED	REALLOCATE	3	REQUIRED_IN_LOCK	CORE-REPACKAGE-FULL-STORAGE,CORE-RESHAPE-PARTITION,CORE-TAKE-PUT,FAIL-ALLOC-EXACT,FAIL-CHECKED-ARITH,FAIL-RESERVE-FIRST,PROTOCOL-EXACT-FOCUS,PROTOCOL-OPAQUE-OWNER	ALLOWED_MEMBER_REPERTOIRE_NOT_OUTCOME_INVOCATION	NONE	NONE	EXACT_SOURCE_OWNER_ROLE_AND_STATE_EQUATIONS	YES	NO	NONE	NONE	NOT_APPLICABLE	NOT_APPLICABLE	PAPER_ROUTE_TEMPLATE_SELECTED_TRACE_NOT_MECHANIZED	98ece4780d7a023cdc47489113e65e3060238b8eb882c745e3687fe8f24320e6	3016206708a63b858b655e81de0e5c08e21055b0c4aa4c1ce37c2561c73e3418	a1d9352f4ad10e2b6ac212fe5bdec81464dac3f8ba3d8e13e47c89ab0faf7dfd	EXACT_93_MEMBER_PARTITION_VERIFIED	50eaf164c0a8dd57aee34387c8f1f386123a518a5b7f688c57830b647f9ee8a8
privileged-basis-exact-derivation-v1	DENSE-INTO-FLATTENED	RESHAPE	2	REQUIRED_IN_LOCK	CORE-RESHAPE-PARTITION,FAIL-CHECKED-ARITH,PROTOCOL-OPAQUE-OWNER	ALLOWED_MEMBER_REPERTOIRE_NOT_OUTCOME_INVOCATION	NONE	NONE	SAME_CARRIER_SAME_BYTES_OLD_PARTITION_RETIRED	YES	YES	NONE	NONE	NOT_APPLICABLE	NOT_APPLICABLE	PAPER_ROUTE_TEMPLATE_SELECTED_TRACE_NOT_MECHANIZED	64a4d18b6c24fb360f7d6cb7cfb98f17227fda458e307491fca146c09926096a	3016206708a63b858b655e81de0e5c08e21055b0c4aa4c1ce37c2561c73e3418	a1d9352f4ad10e2b6ac212fe5bdec81464dac3f8ba3d8e13e47c89ab0faf7dfd	EXACT_93_MEMBER_PARTITION_VERIFIED	e06b4fe70f00c580274bd8fe28f745fe3c46f2b7e9c43a8f02acdb3149d108dc
privileged-basis-exact-derivation-v1	DENSE-INTO-OWNER	ADOPT	1	REQUIRED_IN_LOCK	CORE-REPACKAGE-FULL-STORAGE,CORE-RESHAPE-PARTITION,PROTOCOL-OPAQUE-OWNER	ALLOWED_MEMBER_REPERTOIRE_NOT_OUTCOME_INVOCATION	NONE	NONE	SAME_FULL_STORAGE_ROOT_AND_PAYLOAD_IDENTITY	YES	YES	NONE	NONE	NOT_APPLICABLE	NOT_APPLICABLE	PAPER_ROUTE_TEMPLATE_SELECTED_TRACE_NOT_MECHANIZED	c42e7f1e50a829dcfa0721116baff822699dc0fd81e4b2c6eed42bf4e6a60b08	3016206708a63b858b655e81de0e5c08e21055b0c4aa4c1ce37c2561c73e3418	a1d9352f4ad10e2b6ac212fe5bdec81464dac3f8ba3d8e13e47c89ab0faf7dfd	EXACT_93_MEMBER_PARTITION_VERIFIED	63423d336f15a06096ba12a74f99b1f39a2379809f388398b9e0464ba6b3ed38
privileged-basis-exact-derivation-v1	DENSE-ITER-OWN	ITER	5	REQUIRED_IN_LOCK	CORE-PARTITION-BORROW,CORE-TAKE-PUT,PROTOCOL-CURSOR-OWN,PROTOCOL-OPAQUE-OWNER,PROTOCOL-PLAN-DISPOSE	ALLOWED_MEMBER_REPERTOIRE_NOT_OUTCOME_INVOCATION	NONE	NONE	SOURCE_OWNER_RETAINED_OR_EXACTLY_TRANSFERRED_AS_DECLARED	YES	NO	NONE	NONE	NOT_APPLICABLE	NOT_APPLICABLE	PAPER_ROUTE_TEMPLATE_SELECTED_TRACE_NOT_MECHANIZED	83908d5cf1e7cfe629e7c66a9a690fb27c03cfdd53f7ffe339bef76fc3c497f1	3016206708a63b858b655e81de0e5c08e21055b0c4aa4c1ce37c2561c73e3418	a1d9352f4ad10e2b6ac212fe5bdec81464dac3f8ba3d8e13e47c89ab0faf7dfd	EXACT_93_MEMBER_PARTITION_VERIFIED	95b84000bea30dd2d602234a40555687fed8a0d5045c8872ef72c6e17ad2fc5f
privileged-basis-exact-derivation-v1	DENSE-ITER-SHARED	ITER	4	REQUIRED_IN_LOCK	CORE-PARTITION-BORROW,PROTOCOL-CURSOR-SHARED,PROTOCOL-OPAQUE-OWNER	ALLOWED_MEMBER_REPERTOIRE_NOT_OUTCOME_INVOCATION	NONE	NONE	SOURCE_OWNER_RETAINED_OR_EXACTLY_TRANSFERRED_AS_DECLARED	YES	NO	NONE	NONE	NOT_APPLICABLE	NOT_APPLICABLE	PAPER_ROUTE_TEMPLATE_SELECTED_TRACE_NOT_MECHANIZED	c74cf2b5502cab793338a9b390e093bbc62be801e7ab1dff4866b5434ef19227	3016206708a63b858b655e81de0e5c08e21055b0c4aa4c1ce37c2561c73e3418	a1d9352f4ad10e2b6ac212fe5bdec81464dac3f8ba3d8e13e47c89ab0faf7dfd	EXACT_93_MEMBER_PARTITION_VERIFIED	7ea1bdc066a8020a321209ce7edc0828a30b9840ec9a50ba9679f103311621b5
privileged-basis-exact-derivation-v1	DENSE-ITER-UNIQ	ITER	4	REQUIRED_IN_LOCK	CORE-PARTITION-BORROW,PROTOCOL-CURSOR-UNIQ,PROTOCOL-OPAQUE-OWNER	ALLOWED_MEMBER_REPERTOIRE_NOT_OUTCOME_INVOCATION	NONE	NONE	SOURCE_OWNER_RETAINED_OR_EXACTLY_TRANSFERRED_AS_DECLARED	YES	NO	NONE	NONE	NOT_APPLICABLE	NOT_APPLICABLE	PAPER_ROUTE_TEMPLATE_SELECTED_TRACE_NOT_MECHANIZED	f23b453ff3e09d1d93ef4bf4db017e2024eb9f33ca1e237f7f5be2fbd4aa24ca	3016206708a63b858b655e81de0e5c08e21055b0c4aa4c1ce37c2561c73e3418	a1d9352f4ad10e2b6ac212fe5bdec81464dac3f8ba3d8e13e47c89ab0faf7dfd	EXACT_93_MEMBER_PARTITION_VERIFIED	5f94862dc55e5460d3ec560bbdbd48df7520c78ac9d43e09bd4da4d9cd01282e
privileged-basis-exact-derivation-v1	DENSE-JOIN	CLONE_BUILD	4	REQUIRED_IN_LOCK	CALLABLE-CLONE,CORE-EMPTY-CARRIER,CORE-TAKE-PUT,FAIL-ALLOC-EXACT,FAIL-CHECKED-ARITH,FAIL-RESERVE-FIRST,PROTOCOL-EXACT-FOCUS,PROTOCOL-OPAQUE-OWNER,PROTOCOL-PLAN-DISPOSE	ALLOWED_MEMBER_REPERTOIRE_NOT_OUTCOME_INVOCATION	CLONE	CALLABLE-CLONE	EXACT_SOURCE_OWNER_ROLE_AND_STATE_EQUATIONS	NO	NO	NONE	NONE	NOT_APPLICABLE	NOT_APPLICABLE	PAPER_ROUTE_TEMPLATE_SELECTED_TRACE_NOT_MECHANIZED	d99ab0fff0e06a0b080d0afd3919a7f6f849dd14bbc2b0b5d3b18fe1dd0e1fd7	3016206708a63b858b655e81de0e5c08e21055b0c4aa4c1ce37c2561c73e3418	a1d9352f4ad10e2b6ac212fe5bdec81464dac3f8ba3d8e13e47c89ab0faf7dfd	EXACT_93_MEMBER_PARTITION_VERIFIED	60a72ac5881fb7b0e933ea5dec98634f69443eaf9404919da754a6f0a48787ac
privileged-basis-exact-derivation-v1	DENSE-LAZY-DRAIN-EVIDENCE	NEGATIVE	1	EXCLUDED_BLOCKS_NAMED_CLAIM	NEG-POLICY-CONDITIONAL	ALLOWED_MEMBER_REPERTOIRE_NOT_OUTCOME_INVOCATION	NONE	NONE	NO_ADMITTED_RUNTIME_TRANSITION	YES	NO	NONE	OWNER_POLICY_UNRESOLVED	NOT_APPLICABLE	NOT_APPLICABLE	NEGATIVE_OR_DEPENDENCY_TEMPLATE	49d0a77c7ace685e979be96e7310ffda984d3c2f2227dfb40e9ac81c6fe9d269	3016206708a63b858b655e81de0e5c08e21055b0c4aa4c1ce37c2561c73e3418	a1d9352f4ad10e2b6ac212fe5bdec81464dac3f8ba3d8e13e47c89ab0faf7dfd	EXACT_93_MEMBER_PARTITION_VERIFIED	2bdd7ee75fe61548d1c312eacff57ebb817f49553cdb8b80e9cb66baaa8d11a7
privileged-basis-exact-derivation-v1	DENSE-LAZY-EXTRACT-EVIDENCE	NEGATIVE	1	EXCLUDED_BLOCKS_NAMED_CLAIM	NEG-POLICY-CONDITIONAL	ALLOWED_MEMBER_REPERTOIRE_NOT_OUTCOME_INVOCATION	NONE	NONE	NO_ADMITTED_RUNTIME_TRANSITION	YES	NO	NONE	OWNER_POLICY_UNRESOLVED	NOT_APPLICABLE	NOT_APPLICABLE	NEGATIVE_OR_DEPENDENCY_TEMPLATE	9412a3d5a4e092244e5926c6045ccc59d981c1cf70619297deffd771a387a1e3	3016206708a63b858b655e81de0e5c08e21055b0c4aa4c1ce37c2561c73e3418	a1d9352f4ad10e2b6ac212fe5bdec81464dac3f8ba3d8e13e47c89ab0faf7dfd	EXACT_93_MEMBER_PARTITION_VERIFIED	93e5d368cf4577ae37d7d868982f4d4d5a661f1b636cbc78bcb6b1b01a08a9ab
privileged-basis-exact-derivation-v1	DENSE-LAZY-SPLICE-EVIDENCE	NEGATIVE	1	EXCLUDED_BLOCKS_NAMED_CLAIM	NEG-POLICY-CONDITIONAL	ALLOWED_MEMBER_REPERTOIRE_NOT_OUTCOME_INVOCATION	NONE	NONE	NO_ADMITTED_RUNTIME_TRANSITION	YES	NO	NONE	OWNER_POLICY_UNRESOLVED	NOT_APPLICABLE	NOT_APPLICABLE	NEGATIVE_OR_DEPENDENCY_TEMPLATE	33536820bd92139ab1c63dbeb9b7ecf6e917f7349ae72b3cc6d820f2f94b5eaf	3016206708a63b858b655e81de0e5c08e21055b0c4aa4c1ce37c2561c73e3418	a1d9352f4ad10e2b6ac212fe5bdec81464dac3f8ba3d8e13e47c89ab0faf7dfd	EXACT_93_MEMBER_PARTITION_VERIFIED	26164283646994cf3d9c63cabc8b3595b5f418923fa5f4039ae6a97901ead20e
privileged-basis-exact-derivation-v1	DENSE-LEN-AUTHORITY-EVIDENCE	NEGATIVE	1	EXCLUDED_BLOCKS_NAMED_CLAIM	NEG-STATIC-REJECTION	ALLOWED_MEMBER_REPERTOIRE_NOT_OUTCOME_INVOCATION	NONE	NONE	NO_ADMITTED_RUNTIME_TRANSITION	YES	NO	NONE	STATIC_REJECTION	NOT_APPLICABLE	NOT_APPLICABLE	NEGATIVE_OR_DEPENDENCY_TEMPLATE	b667d5b428245807ba30801776622c638cb24327716123ce419bb89007328842	3016206708a63b858b655e81de0e5c08e21055b0c4aa4c1ce37c2561c73e3418	a1d9352f4ad10e2b6ac212fe5bdec81464dac3f8ba3d8e13e47c89ab0faf7dfd	EXACT_93_MEMBER_PARTITION_VERIFIED	ac456fc0eb45685915cfe2e971c970f71eff310c274338f710c08d907f8e5c12
privileged-basis-exact-derivation-v1	DENSE-META	META	1	REQUIRED_IN_LOCK	PROTOCOL-OPAQUE-OWNER	ALLOWED_MEMBER_REPERTOIRE_NOT_OUTCOME_INVOCATION	NONE	NONE	SOURCE_OWNER_RETAINED_OR_EXACTLY_TRANSFERRED_AS_DECLARED	YES	YES	NONE	NONE	NOT_APPLICABLE	NOT_APPLICABLE	PAPER_ROUTE_TEMPLATE_SELECTED_TRACE_NOT_MECHANIZED	69ae194548ce4ec020fe8850cbba2c932f968022baac540a97de774abe3fd5c5	3016206708a63b858b655e81de0e5c08e21055b0c4aa4c1ce37c2561c73e3418	a1d9352f4ad10e2b6ac212fe5bdec81464dac3f8ba3d8e13e47c89ab0faf7dfd	EXACT_93_MEMBER_PARTITION_VERIFIED	67d177f82acfff7a4ff7636bfc1c47b7a218e1c395b394c18cb98af52dd2c425
privileged-basis-exact-derivation-v1	DENSE-NEW	EMPTY	1	REQUIRED_IN_LOCK	CORE-EMPTY-CARRIER,PROTOCOL-OPAQUE-OWNER	ALLOWED_MEMBER_REPERTOIRE_NOT_OUTCOME_INVOCATION	NONE	NONE	EXACT_SOURCE_OWNER_ROLE_AND_STATE_EQUATIONS	YES	YES	NONE	NONE	NOT_APPLICABLE	NOT_APPLICABLE	PAPER_ROUTE_TEMPLATE_SELECTED_TRACE_NOT_MECHANIZED	f1efedeade3b0d060ace180a2361bc73740c418781d07f324023baf7628594d2	3016206708a63b858b655e81de0e5c08e21055b0c4aa4c1ce37c2561c73e3418	a1d9352f4ad10e2b6ac212fe5bdec81464dac3f8ba3d8e13e47c89ab0faf7dfd	EXACT_93_MEMBER_PARTITION_VERIFIED	df02428527ac75c0b55efdbe5af6979aaf4997063db83562f6469a8d6fa8be7f
privileged-basis-exact-derivation-v1	DENSE-OWNER-VIEW	BORROW	3	REQUIRED_IN_LOCK	CORE-PARTITION-BORROW,FAIL-CHECKED-ARITH,PROTOCOL-OPAQUE-OWNER	ALLOWED_MEMBER_REPERTOIRE_NOT_OUTCOME_INVOCATION	NONE	NONE	SOURCE_OWNER_RETAINED_OR_EXACTLY_TRANSFERRED_AS_DECLARED	YES	NO	NONE	NONE	NOT_APPLICABLE	NOT_APPLICABLE	PAPER_ROUTE_TEMPLATE_SELECTED_TRACE_NOT_MECHANIZED	66749f6fb0a34d61b3fae85017f823c5f23abd20c77a205054652d9cfcb613d6	3016206708a63b858b655e81de0e5c08e21055b0c4aa4c1ce37c2561c73e3418	a1d9352f4ad10e2b6ac212fe5bdec81464dac3f8ba3d8e13e47c89ab0faf7dfd	EXACT_93_MEMBER_PARTITION_VERIFIED	8ac06b5513f396cb330e70508b38a7cc31ef22d90959ecffa755227148b768a8
privileged-basis-exact-derivation-v1	DENSE-POP	REMOVE_MOVE	2	REQUIRED_IN_LOCK	CORE-TAKE-PUT,FAIL-CHECKED-ARITH,PROTOCOL-EXACT-FOCUS,PROTOCOL-OPAQUE-OWNER	ALLOWED_MEMBER_REPERTOIRE_NOT_OUTCOME_INVOCATION	NONE	NONE	EXACT_SOURCE_OWNER_ROLE_AND_STATE_EQUATIONS	YES	NO	NONE	NONE	NOT_APPLICABLE	NOT_APPLICABLE	PAPER_ROUTE_TEMPLATE_SELECTED_TRACE_NOT_MECHANIZED	c13783caeba07af1541e3b6cbb5ffe20dc4e283381fc75fa403c6f2f610f3fd2	3016206708a63b858b655e81de0e5c08e21055b0c4aa4c1ce37c2561c73e3418	a1d9352f4ad10e2b6ac212fe5bdec81464dac3f8ba3d8e13e47c89ab0faf7dfd	EXACT_93_MEMBER_PARTITION_VERIFIED	1552aad3c965e34219173c598d59120e979cf944040b62a59c0f7c761eac4b68
privileged-basis-exact-derivation-v1	DENSE-POP-IF	CALLABLE_COMPACT	4	REQUIRED_IN_LOCK	CALLABLE-USER,CORE-TAKE-PUT,FAIL-ALLOC-EXACT,FAIL-CHECKED-ARITH,FAIL-RESERVE-FIRST,PROTOCOL-EXACT-FOCUS,PROTOCOL-OPAQUE-OWNER,PROTOCOL-PLAN-DISPOSE	ALLOWED_MEMBER_REPERTOIRE_NOT_OUTCOME_INVOCATION	USER_BEHAVIOR	CALLABLE-USER	EXACT_SOURCE_OWNER_ROLE_AND_STATE_EQUATIONS	NO	NO	NONE	NONE	NOT_APPLICABLE	NOT_APPLICABLE	PAPER_ROUTE_TEMPLATE_SELECTED_TRACE_NOT_MECHANIZED	61128cffe7bb3f34bf8f12f7a42a81ecf26850ef6d9b7119c18341f1d58a0e62	3016206708a63b858b655e81de0e5c08e21055b0c4aa4c1ce37c2561c73e3418	a1d9352f4ad10e2b6ac212fe5bdec81464dac3f8ba3d8e13e47c89ab0faf7dfd	EXACT_93_MEMBER_PARTITION_VERIFIED	b167648361a3ac4fa2430a42f03ee531d12cfa6d2918654521dadb1bf3763d55
privileged-basis-exact-derivation-v1	DENSE-PUSH	MOVE_GROW	8	REQUIRED_IN_LOCK	CORE-TAKE-PUT,FAIL-ALLOC-EXACT,FAIL-CHECKED-ARITH,FAIL-RESERVE-FIRST,PROTOCOL-EXACT-FOCUS,PROTOCOL-OPAQUE-OWNER	ALLOWED_MEMBER_REPERTOIRE_NOT_OUTCOME_INVOCATION	NONE	NONE	EXACT_SOURCE_OWNER_ROLE_AND_STATE_EQUATIONS	YES	NO	NONE	NONE	NOT_APPLICABLE	NOT_APPLICABLE	PAPER_ROUTE_TEMPLATE_SELECTED_TRACE_NOT_MECHANIZED	c3e99efe2c873d1cd1ca90a1f9e916fc61ed6ba426867ddbe80bfa49f45a40e1	3016206708a63b858b655e81de0e5c08e21055b0c4aa4c1ce37c2561c73e3418	a1d9352f4ad10e2b6ac212fe5bdec81464dac3f8ba3d8e13e47c89ab0faf7dfd	EXACT_93_MEMBER_PARTITION_VERIFIED	755bbf877d52c0fc451869a48cb121c11caeb582eb1f9552ff7b62ba0c693780
privileged-basis-exact-derivation-v1	DENSE-PUSH-UNIQ	MOVE_GROW	8	REQUIRED_IN_LOCK	CORE-TAKE-PUT,FAIL-ALLOC-EXACT,FAIL-CHECKED-ARITH,FAIL-RESERVE-FIRST,PROTOCOL-EXACT-FOCUS,PROTOCOL-OPAQUE-OWNER	ALLOWED_MEMBER_REPERTOIRE_NOT_OUTCOME_INVOCATION	NONE	NONE	EXACT_SOURCE_OWNER_ROLE_AND_STATE_EQUATIONS	YES	NO	NONE	NONE	NOT_APPLICABLE	NOT_APPLICABLE	PAPER_ROUTE_TEMPLATE_SELECTED_TRACE_NOT_MECHANIZED	fdf291e6efe080fbf121337e35e3691c455299d08df74797e3235af260823f02	3016206708a63b858b655e81de0e5c08e21055b0c4aa4c1ce37c2561c73e3418	a1d9352f4ad10e2b6ac212fe5bdec81464dac3f8ba3d8e13e47c89ab0faf7dfd	EXACT_93_MEMBER_PARTITION_VERIFIED	b980681acf62597af2a83cc85d4b40cd37513b4bf2aeac02271972aa893d5ccd
privileged-basis-exact-derivation-v1	DENSE-RAW-SPARE-REJECTED	NEGATIVE	1	EXCLUDED_BLOCKS_NAMED_CLAIM	NEG-STATIC-REJECTION	ALLOWED_MEMBER_REPERTOIRE_NOT_OUTCOME_INVOCATION	NONE	NONE	NO_ADMITTED_RUNTIME_TRANSITION	YES	NO	NONE	STATIC_REJECTION	NOT_APPLICABLE	NOT_APPLICABLE	NEGATIVE_OR_DEPENDENCY_TEMPLATE	53905d6645149b369bfb26fe3b8f027f351d24c4eee07cc8d7ab5e7e25b357bf	3016206708a63b858b655e81de0e5c08e21055b0c4aa4c1ce37c2561c73e3418	a1d9352f4ad10e2b6ac212fe5bdec81464dac3f8ba3d8e13e47c89ab0faf7dfd	EXACT_93_MEMBER_PARTITION_VERIFIED	2a9f7a0cab5dad7da5b4141ea5266a909aa89d5a8808b0d52ca2d902a257e518
privileged-basis-exact-derivation-v1	DENSE-REMOVE	REMOVE_MOVE	2	REQUIRED_IN_LOCK	CORE-TAKE-PUT,FAIL-CHECKED-ARITH,PROTOCOL-EXACT-FOCUS,PROTOCOL-OPAQUE-OWNER	ALLOWED_MEMBER_REPERTOIRE_NOT_OUTCOME_INVOCATION	NONE	NONE	EXACT_SOURCE_OWNER_ROLE_AND_STATE_EQUATIONS	YES	NO	NONE	NONE	NOT_APPLICABLE	NOT_APPLICABLE	PAPER_ROUTE_TEMPLATE_SELECTED_TRACE_NOT_MECHANIZED	9113657fa174d7de53f0b93da74bf7aaa7838acbd91a6f530ca7dec76570701f	3016206708a63b858b655e81de0e5c08e21055b0c4aa4c1ce37c2561c73e3418	a1d9352f4ad10e2b6ac212fe5bdec81464dac3f8ba3d8e13e47c89ab0faf7dfd	EXACT_93_MEMBER_PARTITION_VERIFIED	f7234576dfeb2ccbf162634097c6b78dc865b2d1be74eb9bbafd0a19ddab6ff4
privileged-basis-exact-derivation-v1	DENSE-REPEAT	CLONE_BUILD	4	REQUIRED_IN_LOCK	CALLABLE-CLONE,CORE-EMPTY-CARRIER,CORE-TAKE-PUT,FAIL-ALLOC-EXACT,FAIL-CHECKED-ARITH,FAIL-RESERVE-FIRST,PROTOCOL-EXACT-FOCUS,PROTOCOL-OPAQUE-OWNER,PROTOCOL-PLAN-DISPOSE	ALLOWED_MEMBER_REPERTOIRE_NOT_OUTCOME_INVOCATION	CLONE	CALLABLE-CLONE	EXACT_SOURCE_OWNER_ROLE_AND_STATE_EQUATIONS	NO	NO	NONE	NONE	NOT_APPLICABLE	NOT_APPLICABLE	PAPER_ROUTE_TEMPLATE_SELECTED_TRACE_NOT_MECHANIZED	45c9247703cab5e25fa269b2117a6423463b789cb6deb16bd671445216bdd21a	3016206708a63b858b655e81de0e5c08e21055b0c4aa4c1ce37c2561c73e3418	a1d9352f4ad10e2b6ac212fe5bdec81464dac3f8ba3d8e13e47c89ab0faf7dfd	EXACT_93_MEMBER_PARTITION_VERIFIED	bb4914027f9cd6024825881aeb69628ef4bc115aad4792ba7686f106b12cc53c
privileged-basis-exact-derivation-v1	DENSE-REPLACE	REPLACE	1	REQUIRED_IN_LOCK	CORE-REPLACE,PROTOCOL-EXACT-FOCUS,PROTOCOL-OPAQUE-OWNER	ALLOWED_MEMBER_REPERTOIRE_NOT_OUTCOME_INVOCATION	NONE	NONE	EXACT_SOURCE_OWNER_ROLE_AND_STATE_EQUATIONS	YES	NO	NONE	NONE	NOT_APPLICABLE	NOT_APPLICABLE	PAPER_ROUTE_TEMPLATE_SELECTED_TRACE_NOT_MECHANIZED	e5dee7555c89bea6f94a48007f944a6b37be90de2de12b99f46b1f86c53f1ea0	3016206708a63b858b655e81de0e5c08e21055b0c4aa4c1ce37c2561c73e3418	a1d9352f4ad10e2b6ac212fe5bdec81464dac3f8ba3d8e13e47c89ab0faf7dfd	EXACT_93_MEMBER_PARTITION_VERIFIED	9ccbe15a9a66e188b10b944987638ae1b48db1fbf9c5b1f0c6d4b4ab9940507b
privileged-basis-exact-derivation-v1	DENSE-RESERVE	REALLOCATE	4	REQUIRED_IN_LOCK	CORE-TAKE-PUT,FAIL-ALLOC-EXACT,FAIL-CHECKED-ARITH,FAIL-RESERVE-FIRST,PROTOCOL-EXACT-FOCUS,PROTOCOL-OPAQUE-OWNER	ALLOWED_MEMBER_REPERTOIRE_NOT_OUTCOME_INVOCATION	NONE	NONE	EXACT_SOURCE_OWNER_ROLE_AND_STATE_EQUATIONS	YES	NO	NONE	NONE	NOT_APPLICABLE	NOT_APPLICABLE	PAPER_ROUTE_TEMPLATE_SELECTED_TRACE_NOT_MECHANIZED	ebaedc905d93032c6fe263a595db6e9a4dde5dcd03fe343ae36e637a1fbe752b	3016206708a63b858b655e81de0e5c08e21055b0c4aa4c1ce37c2561c73e3418	a1d9352f4ad10e2b6ac212fe5bdec81464dac3f8ba3d8e13e47c89ab0faf7dfd	EXACT_93_MEMBER_PARTITION_VERIFIED	d8aa1afd4b413d51e8dc07a1986d95f1e8318068fa4eaaa9b99ad8959dd7b111
privileged-basis-exact-derivation-v1	DENSE-RESERVE-EXACT	REALLOCATE	4	REQUIRED_IN_LOCK	CORE-TAKE-PUT,FAIL-ALLOC-EXACT,FAIL-CHECKED-ARITH,FAIL-RESERVE-FIRST,PROTOCOL-EXACT-FOCUS,PROTOCOL-OPAQUE-OWNER	ALLOWED_MEMBER_REPERTOIRE_NOT_OUTCOME_INVOCATION	NONE	NONE	EXACT_SOURCE_OWNER_ROLE_AND_STATE_EQUATIONS	YES	NO	NONE	NONE	NOT_APPLICABLE	NOT_APPLICABLE	PAPER_ROUTE_TEMPLATE_SELECTED_TRACE_NOT_MECHANIZED	8fc5c1f34e0678dc6bd04816cb2cac3c8d7565a0e565aff92451797a5b321b0a	3016206708a63b858b655e81de0e5c08e21055b0c4aa4c1ce37c2561c73e3418	a1d9352f4ad10e2b6ac212fe5bdec81464dac3f8ba3d8e13e47c89ab0faf7dfd	EXACT_93_MEMBER_PARTITION_VERIFIED	ae919326c09bf4c2d59da0d6f6124634dbeeebd48b729ec394b5a0bfb86167b8
privileged-basis-exact-derivation-v1	DENSE-RESIZE-CLONE	CLONE_MUTATE	10	REQUIRED_IN_LOCK	CALLABLE-CLONE,CORE-REPLACE,CORE-TAKE-PUT,FAIL-ALLOC-EXACT,FAIL-CHECKED-ARITH,FAIL-RESERVE-FIRST,PROTOCOL-EXACT-FOCUS,PROTOCOL-OPAQUE-OWNER,PROTOCOL-PLAN-DISPOSE	ALLOWED_MEMBER_REPERTOIRE_NOT_OUTCOME_INVOCATION	CLONE	CALLABLE-CLONE	EXACT_SOURCE_OWNER_ROLE_AND_STATE_EQUATIONS	NO	NO	NONE	NONE	NOT_APPLICABLE	NOT_APPLICABLE	PAPER_ROUTE_TEMPLATE_SELECTED_TRACE_NOT_MECHANIZED	3408eb161719a2ff5c245c4951126c6c8bb7c0aa7992252e81d9304f9c3deb3c	3016206708a63b858b655e81de0e5c08e21055b0c4aa4c1ce37c2561c73e3418	a1d9352f4ad10e2b6ac212fe5bdec81464dac3f8ba3d8e13e47c89ab0faf7dfd	EXACT_93_MEMBER_PARTITION_VERIFIED	a55c5e161e0512c05d33c9f2ba22d238ff485ca06208853a4ce713626a461b30
privileged-basis-exact-derivation-v1	DENSE-RESIZE-WITH	PRODUCER	10	REQUIRED_IN_LOCK	CALLABLE-PRODUCER,CORE-EMPTY-CARRIER,CORE-REPLACE,CORE-TAKE-PUT,FAIL-ALLOC-EXACT,FAIL-CHECKED-ARITH,FAIL-RESERVE-FIRST,PROTOCOL-EXACT-FOCUS,PROTOCOL-OPAQUE-OWNER,PROTOCOL-PLAN-DISPOSE	ALLOWED_MEMBER_REPERTOIRE_NOT_OUTCOME_INVOCATION	PRODUCER	CALLABLE-PRODUCER	EXACT_SOURCE_OWNER_ROLE_AND_STATE_EQUATIONS	NO	NO	NONE	NONE	NOT_APPLICABLE	NOT_APPLICABLE	PAPER_ROUTE_TEMPLATE_SELECTED_TRACE_NOT_MECHANIZED	b8ff9797a91a10d4234eddaf2f615112fcf647e348be65dbede9e4b883da1209	3016206708a63b858b655e81de0e5c08e21055b0c4aa4c1ce37c2561c73e3418	a1d9352f4ad10e2b6ac212fe5bdec81464dac3f8ba3d8e13e47c89ab0faf7dfd	EXACT_93_MEMBER_PARTITION_VERIFIED	c8b6a7297d5013836912b0599fbf40fe69e017572e6facd3cdab3be1c6f012d7
privileged-basis-exact-derivation-v1	DENSE-RETAIN	CALLABLE_COMPACT	2	REQUIRED_IN_LOCK	CALLABLE-USER,CORE-TAKE-PUT,FAIL-ALLOC-EXACT,FAIL-CHECKED-ARITH,FAIL-RESERVE-FIRST,PROTOCOL-EXACT-FOCUS,PROTOCOL-OPAQUE-OWNER,PROTOCOL-PLAN-DISPOSE	ALLOWED_MEMBER_REPERTOIRE_NOT_OUTCOME_INVOCATION	USER_BEHAVIOR	CALLABLE-USER	EXACT_SOURCE_OWNER_ROLE_AND_STATE_EQUATIONS	NO	NO	NONE	NONE	NOT_APPLICABLE	NOT_APPLICABLE	PAPER_ROUTE_TEMPLATE_SELECTED_TRACE_NOT_MECHANIZED	3341b10ed16a7f8e2f361183078a2d8c1980e3639d0a6da782c406d865f30334	3016206708a63b858b655e81de0e5c08e21055b0c4aa4c1ce37c2561c73e3418	a1d9352f4ad10e2b6ac212fe5bdec81464dac3f8ba3d8e13e47c89ab0faf7dfd	EXACT_93_MEMBER_PARTITION_VERIFIED	b34984ac752bd5ee7bd75273bd94b48d814fbf805f587ce7df30ddeb1631e40f
privileged-basis-exact-derivation-v1	DENSE-RETAIN-MUT	CALLABLE_COMPACT	2	REQUIRED_IN_LOCK	CALLABLE-USER,CORE-TAKE-PUT,FAIL-ALLOC-EXACT,FAIL-CHECKED-ARITH,FAIL-RESERVE-FIRST,PROTOCOL-EXACT-FOCUS,PROTOCOL-OPAQUE-OWNER,PROTOCOL-PLAN-DISPOSE	ALLOWED_MEMBER_REPERTOIRE_NOT_OUTCOME_INVOCATION	USER_BEHAVIOR	CALLABLE-USER	EXACT_SOURCE_OWNER_ROLE_AND_STATE_EQUATIONS	NO	NO	NONE	NONE	NOT_APPLICABLE	NOT_APPLICABLE	PAPER_ROUTE_TEMPLATE_SELECTED_TRACE_NOT_MECHANIZED	273393896b8743e8ce875d031149af3a077f8e7773c010daa29f042bdea538a2	3016206708a63b858b655e81de0e5c08e21055b0c4aa4c1ce37c2561c73e3418	a1d9352f4ad10e2b6ac212fe5bdec81464dac3f8ba3d8e13e47c89ab0faf7dfd	EXACT_93_MEMBER_PARTITION_VERIFIED	e96f7a1a70213c52fa1cc7eebca8586baad4dd7d9d5b9a7a997eb46d50570130
privileged-basis-exact-derivation-v1	DENSE-REVERSE	PERMUTE	1	REQUIRED_IN_LOCK	CORE-SWAP,CORE-TAKE-PUT,FAIL-CHECKED-ARITH,PROTOCOL-EXACT-FOCUS,PROTOCOL-OPAQUE-OWNER	ALLOWED_MEMBER_REPERTOIRE_NOT_OUTCOME_INVOCATION	NONE	NONE	EXACT_SOURCE_OWNER_ROLE_AND_STATE_EQUATIONS	YES	NO	NONE	NONE	NOT_APPLICABLE	NOT_APPLICABLE	PAPER_ROUTE_TEMPLATE_SELECTED_TRACE_NOT_MECHANIZED	7b5508a5f37025fbaa625c65e9ce96634c68fb06efc43034c47cb602c878f9bd	3016206708a63b858b655e81de0e5c08e21055b0c4aa4c1ce37c2561c73e3418	a1d9352f4ad10e2b6ac212fe5bdec81464dac3f8ba3d8e13e47c89ab0faf7dfd	EXACT_93_MEMBER_PARTITION_VERIFIED	fdea961a16d4cb23453ba20d5c1b237fdb2d9878d79a5bf643eec2784c0852f0
privileged-basis-exact-derivation-v1	DENSE-ROTATE	PERMUTE	2	REQUIRED_IN_LOCK	CORE-SWAP,CORE-TAKE-PUT,FAIL-CHECKED-ARITH,PROTOCOL-EXACT-FOCUS,PROTOCOL-OPAQUE-OWNER	ALLOWED_MEMBER_REPERTOIRE_NOT_OUTCOME_INVOCATION	NONE	NONE	EXACT_SOURCE_OWNER_ROLE_AND_STATE_EQUATIONS	YES	NO	NONE	NONE	NOT_APPLICABLE	NOT_APPLICABLE	PAPER_ROUTE_TEMPLATE_SELECTED_TRACE_NOT_MECHANIZED	ed4a5fc01dd6be08b28eae9325d1e825e3333c11ace3196f053c725c17c57936	3016206708a63b858b655e81de0e5c08e21055b0c4aa4c1ce37c2561c73e3418	a1d9352f4ad10e2b6ac212fe5bdec81464dac3f8ba3d8e13e47c89ab0faf7dfd	EXACT_93_MEMBER_PARTITION_VERIFIED	3c1e8d7925da59fd2e67fc5e00b1f5fe8c5bb14cd985abdc349b566534b72cec
privileged-basis-exact-derivation-v1	DENSE-SELECT-UNSTABLE	SORT_UNSTABLE	3	REQUIRED_IN_LOCK	CALLABLE-USER,CORE-SWAP,CORE-TAKE-PUT,PROTOCOL-EXACT-FOCUS,PROTOCOL-OPAQUE-OWNER	ALLOWED_MEMBER_REPERTOIRE_NOT_OUTCOME_INVOCATION	USER_BEHAVIOR	CALLABLE-USER	EXACT_SOURCE_OWNER_ROLE_AND_STATE_EQUATIONS	NO	NO	NONE	NONE	NOT_APPLICABLE	NOT_APPLICABLE	PAPER_ROUTE_TEMPLATE_SELECTED_TRACE_NOT_MECHANIZED	0803b8949272341daf00cdb9fafdb2d6add47c0c9a521bd702dcf34da0d2793f	3016206708a63b858b655e81de0e5c08e21055b0c4aa4c1ce37c2561c73e3418	a1d9352f4ad10e2b6ac212fe5bdec81464dac3f8ba3d8e13e47c89ab0faf7dfd	EXACT_93_MEMBER_PARTITION_VERIFIED	7d62fcad144c3c935c70a014e21cdf6a14cf0606e2891d2d5b2beb490b1e58f6
privileged-basis-exact-derivation-v1	DENSE-SHRINK-TO	REALLOCATE	3	REQUIRED_IN_LOCK	CORE-TAKE-PUT,FAIL-ALLOC-EXACT,FAIL-CHECKED-ARITH,FAIL-RESERVE-FIRST,PROTOCOL-EXACT-FOCUS,PROTOCOL-OPAQUE-OWNER	ALLOWED_MEMBER_REPERTOIRE_NOT_OUTCOME_INVOCATION	NONE	NONE	EXACT_SOURCE_OWNER_ROLE_AND_STATE_EQUATIONS	YES	NO	NONE	NONE	NOT_APPLICABLE	NOT_APPLICABLE	PAPER_ROUTE_TEMPLATE_SELECTED_TRACE_NOT_MECHANIZED	c24e9f8f13df3bab4a2c24129354bb860d793392c56690d6e736f2acc074ef6d	3016206708a63b858b655e81de0e5c08e21055b0c4aa4c1ce37c2561c73e3418	a1d9352f4ad10e2b6ac212fe5bdec81464dac3f8ba3d8e13e47c89ab0faf7dfd	EXACT_93_MEMBER_PARTITION_VERIFIED	ef67a0763c05f7745f32bfe1d8b77508673968a78d2f03a027a884815b95352e
privileged-basis-exact-derivation-v1	DENSE-SHRINK-TO-FIT	REALLOCATE	3	REQUIRED_IN_LOCK	CORE-TAKE-PUT,FAIL-ALLOC-EXACT,FAIL-CHECKED-ARITH,FAIL-RESERVE-FIRST,PROTOCOL-EXACT-FOCUS,PROTOCOL-OPAQUE-OWNER	ALLOWED_MEMBER_REPERTOIRE_NOT_OUTCOME_INVOCATION	NONE	NONE	EXACT_SOURCE_OWNER_ROLE_AND_STATE_EQUATIONS	YES	NO	NONE	NONE	NOT_APPLICABLE	NOT_APPLICABLE	PAPER_ROUTE_TEMPLATE_SELECTED_TRACE_NOT_MECHANIZED	0d2b6451238ed44a36780877e699c59ab4f7e2d42d8b7637c92574bb1d6e5a6f	3016206708a63b858b655e81de0e5c08e21055b0c4aa4c1ce37c2561c73e3418	a1d9352f4ad10e2b6ac212fe5bdec81464dac3f8ba3d8e13e47c89ab0faf7dfd	EXACT_93_MEMBER_PARTITION_VERIFIED	16d31955ac5f21495fdbd5ec5130dcf5832c9e2b2595514e433755f7e786d415
privileged-basis-exact-derivation-v1	DENSE-SORT-STABLE	SORT_STABLE	4	REQUIRED_IN_LOCK	CALLABLE-USER,CORE-SWAP,CORE-TAKE-PUT,FAIL-ALLOC-EXACT,FAIL-CHECKED-ARITH,PROTOCOL-EXACT-FOCUS,PROTOCOL-OPAQUE-OWNER,PROTOCOL-PLAN-DISPOSE	ALLOWED_MEMBER_REPERTOIRE_NOT_OUTCOME_INVOCATION	USER_BEHAVIOR	CALLABLE-USER	EXACT_SOURCE_OWNER_ROLE_AND_STATE_EQUATIONS	NO	NO	NONE	NONE	NOT_APPLICABLE	NOT_APPLICABLE	PAPER_ROUTE_TEMPLATE_SELECTED_TRACE_NOT_MECHANIZED	159926a3239b6e7a13d2274d0e8dce33f64b131f53888f9c7066ac6baaba56e0	3016206708a63b858b655e81de0e5c08e21055b0c4aa4c1ce37c2561c73e3418	a1d9352f4ad10e2b6ac212fe5bdec81464dac3f8ba3d8e13e47c89ab0faf7dfd	EXACT_93_MEMBER_PARTITION_VERIFIED	f8894bce2a7abfb6eff78a0be501c731661d30f1b4fb500ededf416395a6f652
privileged-basis-exact-derivation-v1	DENSE-SORT-STABLE-CACHED-KEY	SORT_STABLE	4	REQUIRED_IN_LOCK	CALLABLE-USER,CORE-SWAP,CORE-TAKE-PUT,FAIL-ALLOC-EXACT,FAIL-CHECKED-ARITH,PROTOCOL-EXACT-FOCUS,PROTOCOL-OPAQUE-OWNER,PROTOCOL-PLAN-DISPOSE	ALLOWED_MEMBER_REPERTOIRE_NOT_OUTCOME_INVOCATION	USER_BEHAVIOR	CALLABLE-USER	EXACT_SOURCE_OWNER_ROLE_AND_STATE_EQUATIONS	NO	NO	NONE	NONE	NOT_APPLICABLE	NOT_APPLICABLE	PAPER_ROUTE_TEMPLATE_SELECTED_TRACE_NOT_MECHANIZED	9c7c45d39ab06f0cd4441dd77aa7cfc97a5dac3e3bc57cf7bf6ec3dd72342ff7	3016206708a63b858b655e81de0e5c08e21055b0c4aa4c1ce37c2561c73e3418	a1d9352f4ad10e2b6ac212fe5bdec81464dac3f8ba3d8e13e47c89ab0faf7dfd	EXACT_93_MEMBER_PARTITION_VERIFIED	2be8aa20e10781761b18fb9935003af85e602c30fc6f2b1da751b319d732cdb6
privileged-basis-exact-derivation-v1	DENSE-SORT-UNSTABLE	SORT_UNSTABLE	2	REQUIRED_IN_LOCK	CALLABLE-USER,CORE-SWAP,CORE-TAKE-PUT,PROTOCOL-EXACT-FOCUS,PROTOCOL-OPAQUE-OWNER	ALLOWED_MEMBER_REPERTOIRE_NOT_OUTCOME_INVOCATION	USER_BEHAVIOR	CALLABLE-USER	EXACT_SOURCE_OWNER_ROLE_AND_STATE_EQUATIONS	NO	NO	NONE	NONE	NOT_APPLICABLE	NOT_APPLICABLE	PAPER_ROUTE_TEMPLATE_SELECTED_TRACE_NOT_MECHANIZED	c5f1cb501d89825d8f637eb66da1110e68e091ae159d9b03331598197ee9fc9f	3016206708a63b858b655e81de0e5c08e21055b0c4aa4c1ce37c2561c73e3418	a1d9352f4ad10e2b6ac212fe5bdec81464dac3f8ba3d8e13e47c89ab0faf7dfd	EXACT_93_MEMBER_PARTITION_VERIFIED	1e139d3bcfd766eb920eb8ad6bc825b86b6db85189de30cdded1dd97cd2e03bf
privileged-basis-exact-derivation-v1	DENSE-SPLIT-OFF	MOVE_GROW	4	REQUIRED_IN_LOCK	CORE-TAKE-PUT,FAIL-ALLOC-EXACT,FAIL-CHECKED-ARITH,FAIL-RESERVE-FIRST,PROTOCOL-EXACT-FOCUS,PROTOCOL-OPAQUE-OWNER	ALLOWED_MEMBER_REPERTOIRE_NOT_OUTCOME_INVOCATION	NONE	NONE	EXACT_SOURCE_OWNER_ROLE_AND_STATE_EQUATIONS	YES	NO	NONE	NONE	NOT_APPLICABLE	NOT_APPLICABLE	PAPER_ROUTE_TEMPLATE_SELECTED_TRACE_NOT_MECHANIZED	d1e9ce2195bd662227d897c652f5a3aa558f21ae205335ac490941bac61c1e5b	3016206708a63b858b655e81de0e5c08e21055b0c4aa4c1ce37c2561c73e3418	a1d9352f4ad10e2b6ac212fe5bdec81464dac3f8ba3d8e13e47c89ab0faf7dfd	EXACT_93_MEMBER_PARTITION_VERIFIED	e464b3f7b05ea16389ad7165e57d568af608e1c5aa5d903d7608ec35c6ce5144
privileged-basis-exact-derivation-v1	DENSE-SWAP	PERMUTE	2	REQUIRED_IN_LOCK	CORE-SWAP,CORE-TAKE-PUT,FAIL-CHECKED-ARITH,PROTOCOL-EXACT-FOCUS,PROTOCOL-OPAQUE-OWNER	ALLOWED_MEMBER_REPERTOIRE_NOT_OUTCOME_INVOCATION	NONE	NONE	EXACT_SOURCE_OWNER_ROLE_AND_STATE_EQUATIONS	YES	NO	NONE	NONE	NOT_APPLICABLE	NOT_APPLICABLE	PAPER_ROUTE_TEMPLATE_SELECTED_TRACE_NOT_MECHANIZED	ad041ef5d21efbde9f5a637d7affc8ffa026eec4e4d38f9aa1bc3128ff0a1a80	3016206708a63b858b655e81de0e5c08e21055b0c4aa4c1ce37c2561c73e3418	a1d9352f4ad10e2b6ac212fe5bdec81464dac3f8ba3d8e13e47c89ab0faf7dfd	EXACT_93_MEMBER_PARTITION_VERIFIED	2d16fbf42d9249a2c269f84b611a0813cc99187b1366fbfafac891934385e9c9
privileged-basis-exact-derivation-v1	DENSE-SWAP-REMOVE	REMOVE_MOVE	2	REQUIRED_IN_LOCK	CORE-TAKE-PUT,FAIL-CHECKED-ARITH,PROTOCOL-EXACT-FOCUS,PROTOCOL-OPAQUE-OWNER	ALLOWED_MEMBER_REPERTOIRE_NOT_OUTCOME_INVOCATION	NONE	NONE	EXACT_SOURCE_OWNER_ROLE_AND_STATE_EQUATIONS	YES	NO	NONE	NONE	NOT_APPLICABLE	NOT_APPLICABLE	PAPER_ROUTE_TEMPLATE_SELECTED_TRACE_NOT_MECHANIZED	b17da392564c4f1f63bdcf1f0033c93b583381b8ceb885b1cede4f1ce0be6e33	3016206708a63b858b655e81de0e5c08e21055b0c4aa4c1ce37c2561c73e3418	a1d9352f4ad10e2b6ac212fe5bdec81464dac3f8ba3d8e13e47c89ab0faf7dfd	EXACT_93_MEMBER_PARTITION_VERIFIED	718d941093ac912abf26a8c3726a21107cf458eafe5f0c1c003c94fa4117bc52
privileged-basis-exact-derivation-v1	DENSE-SWAP-WITH-VIEW	PERMUTE	2	REQUIRED_IN_LOCK	CORE-SWAP,CORE-TAKE-PUT,FAIL-CHECKED-ARITH,PROTOCOL-EXACT-FOCUS,PROTOCOL-OPAQUE-OWNER	ALLOWED_MEMBER_REPERTOIRE_NOT_OUTCOME_INVOCATION	NONE	NONE	EXACT_SOURCE_OWNER_ROLE_AND_STATE_EQUATIONS	YES	NO	NONE	NONE	NOT_APPLICABLE	NOT_APPLICABLE	PAPER_ROUTE_TEMPLATE_SELECTED_TRACE_NOT_MECHANIZED	0762be21987467d981d967e19223a6dcb8e7fffb8e94e215358c13a7df348a59	3016206708a63b858b655e81de0e5c08e21055b0c4aa4c1ce37c2561c73e3418	a1d9352f4ad10e2b6ac212fe5bdec81464dac3f8ba3d8e13e47c89ab0faf7dfd	EXACT_93_MEMBER_PARTITION_VERIFIED	b149ac7f8a6dd3dded5c3faefab6774b04210be311010f7e5b05d055ab3881ec
privileged-basis-exact-derivation-v1	DENSE-TAKE-WITH-DEFAULT	REPLACE	2	REQUIRED_IN_LOCK	CALLABLE-DEFAULT,CORE-REPLACE,PROTOCOL-EXACT-FOCUS,PROTOCOL-OPAQUE-OWNER	ALLOWED_MEMBER_REPERTOIRE_NOT_OUTCOME_INVOCATION	DEFAULT	CALLABLE-DEFAULT	EXACT_SOURCE_OWNER_ROLE_AND_STATE_EQUATIONS	NO	NO	NONE	NONE	NOT_APPLICABLE	NOT_APPLICABLE	PAPER_ROUTE_TEMPLATE_SELECTED_TRACE_NOT_MECHANIZED	3305b5aec327087bc0a1c9fc3a35a8ecd7ea95401fe7b68d659560b47f6fb7b0	3016206708a63b858b655e81de0e5c08e21055b0c4aa4c1ce37c2561c73e3418	a1d9352f4ad10e2b6ac212fe5bdec81464dac3f8ba3d8e13e47c89ab0faf7dfd	EXACT_93_MEMBER_PARTITION_VERIFIED	5be4b9550df6c8f0445a9e3fa9957bfb023456abdd7d5b9e95ee2e89ef4619be
privileged-basis-exact-derivation-v1	DENSE-TRUNCATE	DISPOSE	3	REQUIRED_IN_LOCK	PROTOCOL-EXACT-FOCUS,PROTOCOL-OPAQUE-OWNER,PROTOCOL-PLAN-DISPOSE	ALLOWED_MEMBER_REPERTOIRE_NOT_OUTCOME_INVOCATION	DISPOSITION_PLAN	PROTOCOL-PLAN-DISPOSE	EXACT_SOURCE_OWNER_ROLE_AND_STATE_EQUATIONS	NO	NO	NONE	NONE	NOT_APPLICABLE	NOT_APPLICABLE	PAPER_ROUTE_TEMPLATE_SELECTED_TRACE_NOT_MECHANIZED	2f77f05888889df80767c8d9cace540a3f5fff5b9cd83f6c970072755ebba7c8	3016206708a63b858b655e81de0e5c08e21055b0c4aa4c1ce37c2561c73e3418	a1d9352f4ad10e2b6ac212fe5bdec81464dac3f8ba3d8e13e47c89ab0faf7dfd	EXACT_93_MEMBER_PARTITION_VERIFIED	0ba7792fb4343b42bb6f6c320ff4c372a925638b7319468685e46fb17bf97dc6
privileged-basis-exact-derivation-v1	DENSE-TRY-RESERVE	REALLOCATE	4	REQUIRED_IN_LOCK	CORE-TAKE-PUT,FAIL-ALLOC-EXACT,FAIL-CHECKED-ARITH,FAIL-RESERVE-FIRST,PROTOCOL-EXACT-FOCUS,PROTOCOL-OPAQUE-OWNER	ALLOWED_MEMBER_REPERTOIRE_NOT_OUTCOME_INVOCATION	NONE	NONE	EXACT_SOURCE_OWNER_ROLE_AND_STATE_EQUATIONS	YES	NO	NONE	NONE	NOT_APPLICABLE	NOT_APPLICABLE	PAPER_ROUTE_TEMPLATE_SELECTED_TRACE_NOT_MECHANIZED	f6d6c822c6199dd8370a492acec5b73ba4cc6bf947229b1877ddc204003ee4e6	3016206708a63b858b655e81de0e5c08e21055b0c4aa4c1ce37c2561c73e3418	a1d9352f4ad10e2b6ac212fe5bdec81464dac3f8ba3d8e13e47c89ab0faf7dfd	EXACT_93_MEMBER_PARTITION_VERIFIED	d48a3798a7e1df88e8cacbe03077560c0100e9d56938ee5ae4b97a6aef944882
privileged-basis-exact-derivation-v1	DENSE-TRY-RESERVE-EXACT	REALLOCATE	4	REQUIRED_IN_LOCK	CORE-TAKE-PUT,FAIL-ALLOC-EXACT,FAIL-CHECKED-ARITH,FAIL-RESERVE-FIRST,PROTOCOL-EXACT-FOCUS,PROTOCOL-OPAQUE-OWNER	ALLOWED_MEMBER_REPERTOIRE_NOT_OUTCOME_INVOCATION	NONE	NONE	EXACT_SOURCE_OWNER_ROLE_AND_STATE_EQUATIONS	YES	NO	NONE	NONE	NOT_APPLICABLE	NOT_APPLICABLE	PAPER_ROUTE_TEMPLATE_SELECTED_TRACE_NOT_MECHANIZED	15edc787deaca759a36c4d44754b544fa69a85e2ee9263533c1dd1ab7a033e2c	3016206708a63b858b655e81de0e5c08e21055b0c4aa4c1ce37c2561c73e3418	a1d9352f4ad10e2b6ac212fe5bdec81464dac3f8ba3d8e13e47c89ab0faf7dfd	EXACT_93_MEMBER_PARTITION_VERIFIED	9086393972b63bb58bcfb1f66658fd1ab08df2a172ea1768edf0f4df79d6db0c
privileged-basis-exact-derivation-v1	DENSE-UNCHECKED-ACCESS-EVIDENCE	NEGATIVE	1	EXCLUDED_BLOCKS_NAMED_CLAIM	NEG-STATIC-REJECTION	ALLOWED_MEMBER_REPERTOIRE_NOT_OUTCOME_INVOCATION	NONE	NONE	NO_ADMITTED_RUNTIME_TRANSITION	YES	NO	NONE	STATIC_REJECTION	NOT_APPLICABLE	NOT_APPLICABLE	NEGATIVE_OR_DEPENDENCY_TEMPLATE	f387046a504c716867881f4cdf43f75f4f5e30a6360a560fda390d04591850d7	3016206708a63b858b655e81de0e5c08e21055b0c4aa4c1ce37c2561c73e3418	a1d9352f4ad10e2b6ac212fe5bdec81464dac3f8ba3d8e13e47c89ab0faf7dfd	EXACT_93_MEMBER_PARTITION_VERIFIED	31e8ef02d49ef5047567ce38c29c15ef11291cd1ab938e00ae25ccaab98cb6d3
privileged-basis-exact-derivation-v1	DENSE-VIEW-ARRAY-CHUNKS	BORROW	2	REQUIRED_IN_LOCK	CORE-PARTITION-BORROW,FAIL-CHECKED-ARITH,PROTOCOL-OPAQUE-OWNER	ALLOWED_MEMBER_REPERTOIRE_NOT_OUTCOME_INVOCATION	NONE	NONE	SOURCE_OWNER_RETAINED_OR_EXACTLY_TRANSFERRED_AS_DECLARED	YES	NO	NONE	NONE	NOT_APPLICABLE	NOT_APPLICABLE	PAPER_ROUTE_TEMPLATE_SELECTED_TRACE_NOT_MECHANIZED	49f1b9dbeb2cc9ebc0cf42558382ffc3e1d8056c469574817944398c666571df	3016206708a63b858b655e81de0e5c08e21055b0c4aa4c1ce37c2561c73e3418	a1d9352f4ad10e2b6ac212fe5bdec81464dac3f8ba3d8e13e47c89ab0faf7dfd	EXACT_93_MEMBER_PARTITION_VERIFIED	b38d492c72399961c6b2f14958e3e18e9957707d726999144ef8b4a094ba325b
privileged-basis-exact-derivation-v1	DENSE-VIEW-AS-FIXED	BORROW	2	REQUIRED_IN_LOCK	CORE-PARTITION-BORROW,FAIL-CHECKED-ARITH,PROTOCOL-OPAQUE-OWNER	ALLOWED_MEMBER_REPERTOIRE_NOT_OUTCOME_INVOCATION	NONE	NONE	SOURCE_OWNER_RETAINED_OR_EXACTLY_TRANSFERRED_AS_DECLARED	YES	NO	NONE	NONE	NOT_APPLICABLE	NOT_APPLICABLE	PAPER_ROUTE_TEMPLATE_SELECTED_TRACE_NOT_MECHANIZED	015244cca999d477765a0b61d4505407e84480873072f0991adaf444ae6c7b67	3016206708a63b858b655e81de0e5c08e21055b0c4aa4c1ce37c2561c73e3418	a1d9352f4ad10e2b6ac212fe5bdec81464dac3f8ba3d8e13e47c89ab0faf7dfd	EXACT_93_MEMBER_PARTITION_VERIFIED	b44d85bc354c77523d1709223d2450f1b45bb3f6063f1a7d7dcef5e9fdfc5cfd
privileged-basis-exact-derivation-v1	DENSE-VIEW-CONSUME-SPLIT	BORROW	2	REQUIRED_IN_LOCK	CORE-PARTITION-BORROW,FAIL-CHECKED-ARITH,PROTOCOL-OPAQUE-OWNER	ALLOWED_MEMBER_REPERTOIRE_NOT_OUTCOME_INVOCATION	NONE	NONE	SOURCE_OWNER_RETAINED_OR_EXACTLY_TRANSFERRED_AS_DECLARED	YES	NO	NONE	NONE	NOT_APPLICABLE	NOT_APPLICABLE	PAPER_ROUTE_TEMPLATE_SELECTED_TRACE_NOT_MECHANIZED	38b48dc8cb1a1d8fdbc2c0acd0123b90f947fed8e5ceb6691ee44dcf062d54c3	3016206708a63b858b655e81de0e5c08e21055b0c4aa4c1ce37c2561c73e3418	a1d9352f4ad10e2b6ac212fe5bdec81464dac3f8ba3d8e13e47c89ab0faf7dfd	EXACT_93_MEMBER_PARTITION_VERIFIED	0677a7a57c44732aabfba0136ce08abc0e173ef45f851bfc8dbe46c4d9ead4bf
privileged-basis-exact-derivation-v1	DENSE-VIEW-DISJOINT-UNIQ	BORROW	2	REQUIRED_IN_LOCK	CORE-PARTITION-BORROW,FAIL-CHECKED-ARITH,PROTOCOL-OPAQUE-OWNER	ALLOWED_MEMBER_REPERTOIRE_NOT_OUTCOME_INVOCATION	NONE	NONE	SOURCE_OWNER_RETAINED_OR_EXACTLY_TRANSFERRED_AS_DECLARED	YES	NO	NONE	NONE	NOT_APPLICABLE	NOT_APPLICABLE	PAPER_ROUTE_TEMPLATE_SELECTED_TRACE_NOT_MECHANIZED	044506d42874ac872076b6c1a93345a1d99e951c43b9e0821e30c05465593ef5	3016206708a63b858b655e81de0e5c08e21055b0c4aa4c1ce37c2561c73e3418	a1d9352f4ad10e2b6ac212fe5bdec81464dac3f8ba3d8e13e47c89ab0faf7dfd	EXACT_93_MEMBER_PARTITION_VERIFIED	4cb018cbf8a7fca605267cd6eb14ff5e6e1322c98cdac7d93807c1bdb443bcd8
privileged-basis-exact-derivation-v1	DENSE-VIEW-END	BORROW	2	REQUIRED_IN_LOCK	CORE-PARTITION-BORROW,FAIL-CHECKED-ARITH,PROTOCOL-OPAQUE-OWNER	ALLOWED_MEMBER_REPERTOIRE_NOT_OUTCOME_INVOCATION	NONE	NONE	SOURCE_OWNER_RETAINED_OR_EXACTLY_TRANSFERRED_AS_DECLARED	YES	NO	NONE	NONE	NOT_APPLICABLE	NOT_APPLICABLE	PAPER_ROUTE_TEMPLATE_SELECTED_TRACE_NOT_MECHANIZED	8de7a2266f0afe66db60df3ce73fad6a8f035bbf94b8abc6b3a85d6a3c9aaeda	3016206708a63b858b655e81de0e5c08e21055b0c4aa4c1ce37c2561c73e3418	a1d9352f4ad10e2b6ac212fe5bdec81464dac3f8ba3d8e13e47c89ab0faf7dfd	EXACT_93_MEMBER_PARTITION_VERIFIED	b6fc008f33754d3831ff663f8bba5d5808691d0195a33cdf69f5373a42b0ecb1
privileged-basis-exact-derivation-v1	DENSE-VIEW-END-CHUNK	BORROW	2	REQUIRED_IN_LOCK	CORE-PARTITION-BORROW,FAIL-CHECKED-ARITH,PROTOCOL-OPAQUE-OWNER	ALLOWED_MEMBER_REPERTOIRE_NOT_OUTCOME_INVOCATION	NONE	NONE	SOURCE_OWNER_RETAINED_OR_EXACTLY_TRANSFERRED_AS_DECLARED	YES	NO	NONE	NONE	NOT_APPLICABLE	NOT_APPLICABLE	PAPER_ROUTE_TEMPLATE_SELECTED_TRACE_NOT_MECHANIZED	eda7c55830f1a24dee56cb439676436997b6723a04791c65bb1a74edfc4b64ca	3016206708a63b858b655e81de0e5c08e21055b0c4aa4c1ce37c2561c73e3418	a1d9352f4ad10e2b6ac212fe5bdec81464dac3f8ba3d8e13e47c89ab0faf7dfd	EXACT_93_MEMBER_PARTITION_VERIFIED	c236f22d44608ec119996cede7953942614f05da7b6107d436e4e18d50b06119
privileged-basis-exact-derivation-v1	DENSE-VIEW-END-SPLIT	BORROW	2	REQUIRED_IN_LOCK	CORE-PARTITION-BORROW,FAIL-CHECKED-ARITH,PROTOCOL-OPAQUE-OWNER	ALLOWED_MEMBER_REPERTOIRE_NOT_OUTCOME_INVOCATION	NONE	NONE	SOURCE_OWNER_RETAINED_OR_EXACTLY_TRANSFERRED_AS_DECLARED	YES	NO	NONE	NONE	NOT_APPLICABLE	NOT_APPLICABLE	PAPER_ROUTE_TEMPLATE_SELECTED_TRACE_NOT_MECHANIZED	8b5fe9baf8ec95ff52e897ba727b118449bc86473831f65a3079736d3dc71d00	3016206708a63b858b655e81de0e5c08e21055b0c4aa4c1ce37c2561c73e3418	a1d9352f4ad10e2b6ac212fe5bdec81464dac3f8ba3d8e13e47c89ab0faf7dfd	EXACT_93_MEMBER_PARTITION_VERIFIED	d713ef4a47c029c0a4a5064af2c3c0890ed9adb22d8e2494eb696fee9b35b006
privileged-basis-exact-derivation-v1	DENSE-VIEW-GET-SHARED	BORROW	2	REQUIRED_IN_LOCK	CORE-PARTITION-BORROW,FAIL-CHECKED-ARITH,PROTOCOL-OPAQUE-OWNER	ALLOWED_MEMBER_REPERTOIRE_NOT_OUTCOME_INVOCATION	NONE	NONE	SOURCE_OWNER_RETAINED_OR_EXACTLY_TRANSFERRED_AS_DECLARED	YES	NO	NONE	NONE	NOT_APPLICABLE	NOT_APPLICABLE	PAPER_ROUTE_TEMPLATE_SELECTED_TRACE_NOT_MECHANIZED	4b9a7fa5cf18ff154defadfd6daffae61d4ad4a3f93723c7816185e125bac03b	3016206708a63b858b655e81de0e5c08e21055b0c4aa4c1ce37c2561c73e3418	a1d9352f4ad10e2b6ac212fe5bdec81464dac3f8ba3d8e13e47c89ab0faf7dfd	EXACT_93_MEMBER_PARTITION_VERIFIED	8365d517422e1e87d297399ab0c217bb793ffc16e8335ff0011380961918536a
privileged-basis-exact-derivation-v1	DENSE-VIEW-GET-UNIQ	BORROW	2	REQUIRED_IN_LOCK	CORE-PARTITION-BORROW,FAIL-CHECKED-ARITH,PROTOCOL-OPAQUE-OWNER	ALLOWED_MEMBER_REPERTOIRE_NOT_OUTCOME_INVOCATION	NONE	NONE	SOURCE_OWNER_RETAINED_OR_EXACTLY_TRANSFERRED_AS_DECLARED	YES	NO	NONE	NONE	NOT_APPLICABLE	NOT_APPLICABLE	PAPER_ROUTE_TEMPLATE_SELECTED_TRACE_NOT_MECHANIZED	0f09974ecf97ae75ae6409d4994c920c0cf69efb7198b5ea3881a27b2b17ef18	3016206708a63b858b655e81de0e5c08e21055b0c4aa4c1ce37c2561c73e3418	a1d9352f4ad10e2b6ac212fe5bdec81464dac3f8ba3d8e13e47c89ab0faf7dfd	EXACT_93_MEMBER_PARTITION_VERIFIED	cc1d4bea493a800350d2040d6cd671d178ad9482c2ad16d43161a61150d9ce5d
privileged-basis-exact-derivation-v1	DENSE-VIEW-META	META	1	REQUIRED_IN_LOCK	PROTOCOL-OPAQUE-OWNER	ALLOWED_MEMBER_REPERTOIRE_NOT_OUTCOME_INVOCATION	NONE	NONE	SOURCE_OWNER_RETAINED_OR_EXACTLY_TRANSFERRED_AS_DECLARED	YES	YES	NONE	NONE	NOT_APPLICABLE	NOT_APPLICABLE	PAPER_ROUTE_TEMPLATE_SELECTED_TRACE_NOT_MECHANIZED	70f387d17514707507dec97a7d823928a57143e949fd9adaf18fc92137de291b	3016206708a63b858b655e81de0e5c08e21055b0c4aa4c1ce37c2561c73e3418	a1d9352f4ad10e2b6ac212fe5bdec81464dac3f8ba3d8e13e47c89ab0faf7dfd	EXACT_93_MEMBER_PARTITION_VERIFIED	948089e2e2c48236f928a1d7aef9205bf037cfb76b7ab250ce47d72b5e506c80
privileged-basis-exact-derivation-v1	DENSE-VIEW-SPLIT-CHECKED	BORROW	2	REQUIRED_IN_LOCK	CORE-PARTITION-BORROW,FAIL-CHECKED-ARITH,PROTOCOL-OPAQUE-OWNER	ALLOWED_MEMBER_REPERTOIRE_NOT_OUTCOME_INVOCATION	NONE	NONE	SOURCE_OWNER_RETAINED_OR_EXACTLY_TRANSFERRED_AS_DECLARED	YES	NO	NONE	NONE	NOT_APPLICABLE	NOT_APPLICABLE	PAPER_ROUTE_TEMPLATE_SELECTED_TRACE_NOT_MECHANIZED	01239138ce0d99b3747c859209fffebbbe92f5d6ba9f054a4eec6c9f2d141d0a	3016206708a63b858b655e81de0e5c08e21055b0c4aa4c1ce37c2561c73e3418	a1d9352f4ad10e2b6ac212fe5bdec81464dac3f8ba3d8e13e47c89ab0faf7dfd	EXACT_93_MEMBER_PARTITION_VERIFIED	e12c0a06c5489c180429b137fd82570e1538b9e73645d552232c3f04ba6a45d1
privileged-basis-exact-derivation-v1	DENSE-VIEW-SPLIT-TRAP	BORROW	2	REQUIRED_IN_LOCK	CORE-PARTITION-BORROW,FAIL-CHECKED-ARITH,PROTOCOL-OPAQUE-OWNER	ALLOWED_MEMBER_REPERTOIRE_NOT_OUTCOME_INVOCATION	NONE	NONE	SOURCE_OWNER_RETAINED_OR_EXACTLY_TRANSFERRED_AS_DECLARED	YES	NO	NONE	NONE	NOT_APPLICABLE	NOT_APPLICABLE	PAPER_ROUTE_TEMPLATE_SELECTED_TRACE_NOT_MECHANIZED	a0fa8af08ec59a519c2e480afded6f8b627f2b7278e8af35a4ad1e259e2e3c4b	3016206708a63b858b655e81de0e5c08e21055b0c4aa4c1ce37c2561c73e3418	a1d9352f4ad10e2b6ac212fe5bdec81464dac3f8ba3d8e13e47c89ab0faf7dfd	EXACT_93_MEMBER_PARTITION_VERIFIED	0b78935426debbf3c4defdc358291ae7ab9c0f26e43c8fedb9f4174cca6b076a
privileged-basis-exact-derivation-v1	DENSE-WITH-CAPACITY	ALLOC_EMPTY	3	REQUIRED_IN_LOCK	CORE-EMPTY-CARRIER,FAIL-ALLOC-EXACT,FAIL-CHECKED-ARITH,PROTOCOL-OPAQUE-OWNER	ALLOWED_MEMBER_REPERTOIRE_NOT_OUTCOME_INVOCATION	NONE	NONE	EXACT_SOURCE_OWNER_ROLE_AND_STATE_EQUATIONS	YES	NO	NONE	NONE	NOT_APPLICABLE	NOT_APPLICABLE	PAPER_ROUTE_TEMPLATE_SELECTED_TRACE_NOT_MECHANIZED	eadb820f089e020a28603be905332110a3037763903357596f943aee3bb32edc	3016206708a63b858b655e81de0e5c08e21055b0c4aa4c1ce37c2561c73e3418	a1d9352f4ad10e2b6ac212fe5bdec81464dac3f8ba3d8e13e47c89ab0faf7dfd	EXACT_93_MEMBER_PARTITION_VERIFIED	3a6babdd89a43604f40b83bd1506c1f8597c55865ba7c06fb25c8da7a5c0a4c9
