obligation_id	record_kind	registry_subject_id	workload_or_operation	role	primary_canary_id	required_crosscut_canary_ids	c_fail_applicability	crosscut_canary_contract	crosscut_canary_source_sha256	closure_owner_or_gate_stage	required_predecessor_family_ids	implicated_family_ids	implicated_rebind_policy	required_efficient_property	g0_status	current_workaround_or_blocker	closure_policy	owner_lock_allowed_dispositions	implicated_rebind_allowed_dispositions	canary_contract	linked_registry_ids	source_identity	source_row_sha256	canary_source_sha256	vocabulary_authority_sha256
G0-ROLE-742C30A07931DF19	CAPABILITY_MATRIX	G0-ROLE-742C30A07931DF19	Fixed buffer of Copy scalars	B	C-FIX	C-FAIL	REQUIRED_OWNING_CANARY	every owning canary repeated through early `Result`, checked capacity failure, partial construction, and each recoverable allocation point	19f02393da541de5fb44b5aec311af516ac8caddf53abbb3af49a92f6c34903d	ALL-FAMILY-LOCKS	NONE	ALL-FAMILY-LOCKS	EVERY_CANDIDATE_EXECUTES	Full initialization, checked index, one allocation	E	Current `buffer<T>`	PROTECTED_NO_REGRESSION_IN_EVERY_FAMILY_LOCK	PROTECTED_CONTROL	PROTECTED_CONTROL	unchanged scalar-buffer source/IR plus fixed AoS record indexing	B-FIX	general-purpose-data-structure-capability-RESEARCH.md:section-4:line-203	5a82a5370b4b3dafdc536eb54ed04ae4bc7d7a12a16060010d8ce86b77eccb47	1cea3dfce3ff2683100c0e25a181a4c9be8eb7dc47c5084e2a6e0d0520324427	9174a2aa7c51b79f36b7ca4280072dea431ba3eeb1b67b58d873ba6b49ff0fad
G0-ROLE-4D63ABD62AE8F235	CAPABILITY_MATRIX	G0-ROLE-4D63ABD62AE8F235	Fixed AoS record buffer	M	C-FIX	C-FAIL	REQUIRED_OWNING_CANARY	every owning canary repeated through early `Result`, checked capacity failure, partial construction, and each recoverable allocation point	19f02393da541de5fb44b5aec311af516ac8caddf53abbb3af49a92f6c34903d	F-DENSE	NONE	F-DENSE	OWNER_OR_GATE_CLOSES_IMPLICATED_REOPEN	Contiguous records and scalar field access	X	Record elements are not admitted	BLOCKS_ASSIGNED_FAMILY_AND_COMPLETE_FLOOR	REQUIRED_IN_LOCK,EXCLUDED_BLOCKS_FAMILY_AND_FLOOR	NOT_APPLICABLE_REOPENING_ONLY	unchanged scalar-buffer source/IR plus fixed AoS record indexing	H-FLATSET	general-purpose-data-structure-capability-RESEARCH.md:section-4:line-204	9ccc203e1e0c0dde7e7d08cec76e7f900db9df9147fb980a5e133f9482418b5d	1cea3dfce3ff2683100c0e25a181a4c9be8eb7dc47c5084e2a6e0d0520324427	9174a2aa7c51b79f36b7ca4280072dea431ba3eeb1b67b58d873ba6b49ff0fad
G0-ROLE-F5CADFB4D644C236	CAPABILITY_MATRIX	G0-ROLE-F5CADFB4D644C236	Unknown-length append	M	C-SEQ	C-FAIL	REQUIRED_OWNING_CANARY	every owning canary repeated through early `Result`, checked capacity failure, partial construction, and each recoverable allocation point	19f02393da541de5fb44b5aec311af516ac8caddf53abbb3af49a92f6c34903d	F-DENSE	NONE	F-DENSE	OWNER_OR_GATE_CLOSES_IMPLICATED_REOPEN	Initialized prefix, capacity, reserve/grow	X	Prefill worst-case capacity and maintain an unrelated count	BLOCKS_ASSIGNED_FAMILY_AND_COMPLETE_FLOOR	REQUIRED_IN_LOCK,EXCLUDED_BLOCKS_FAMILY_AND_FLOOR	NOT_APPLICABLE_REOPENING_ONLY	unknown-length affine construction, reserve/grow/shrink, bulk extend/move-append, split, ordered insert/remove, O(1) `swap_remove`, pop, dynamic swap, truncate/clear, explicit deep clone, and destruction	H-FLATSET	general-purpose-data-structure-capability-RESEARCH.md:section-4:line-205	b86ac5b658f28805ed6ccdb5138b56b51ca78177a479c572f42b3de45582da5b	861c14964d0e402e5b1fae1bc370851691ea15b6ef398b649c7691e58f1e0963	9174a2aa7c51b79f36b7ca4280072dea431ba3eeb1b67b58d873ba6b49ff0fad
G0-ROLE-DF3265C016EE8C06	CAPABILITY_MATRIX	G0-ROLE-DF3265C016EE8C06	Append affine value	M	C-SEQ	C-FAIL	REQUIRED_OWNING_CANARY	every owning canary repeated through early `Result`, checked capacity failure, partial construction, and each recoverable allocation point	19f02393da541de5fb44b5aec311af516ac8caddf53abbb3af49a92f6c34903d	F-DENSE	NONE	F-DENSE	OWNER_OR_GATE_CLOSES_IMPLICATED_REOPEN	Move once into tail; rejected push returns ownership	X	Buffers are Copy-only	BLOCKS_ASSIGNED_FAMILY_AND_COMPLETE_FLOOR	REQUIRED_IN_LOCK,EXCLUDED_BLOCKS_FAMILY_AND_FLOOR	NOT_APPLICABLE_REOPENING_ONLY	unknown-length affine construction, reserve/grow/shrink, bulk extend/move-append, split, ordered insert/remove, O(1) `swap_remove`, pop, dynamic swap, truncate/clear, explicit deep clone, and destruction	H-FLATSET	general-purpose-data-structure-capability-RESEARCH.md:section-4:line-206	01a9a9902e4a0e96b3129bcd048319548fd4d810f023557a0248f7c0b1cc0b48	861c14964d0e402e5b1fae1bc370851691ea15b6ef398b649c7691e58f1e0963	9174a2aa7c51b79f36b7ca4280072dea431ba3eeb1b67b58d873ba6b49ff0fad
G0-ROLE-72D36A5F3282DF41	CAPABILITY_MATRIX	G0-ROLE-72D36A5F3282DF41	Grow/shrink contiguous sequence	M	C-SEQ	C-FAIL	REQUIRED_OWNING_CANARY	every owning canary repeated through early `Result`, checked capacity failure, partial construction, and each recoverable allocation point	19f02393da541de5fb44b5aec311af516ac8caddf53abbb3af49a92f6c34903d	F-DENSE	NONE	F-DENSE	OWNER_OR_GATE_CLOSES_IMPLICATED_REOPEN	Failure-atomic allocation and direct relocation	X	Cannot replace backing or suppress moved-from drops	BLOCKS_ASSIGNED_FAMILY_AND_COMPLETE_FLOOR	REQUIRED_IN_LOCK,EXCLUDED_BLOCKS_FAMILY_AND_FLOOR	NOT_APPLICABLE_REOPENING_ONLY	unknown-length affine construction, reserve/grow/shrink, bulk extend/move-append, split, ordered insert/remove, O(1) `swap_remove`, pop, dynamic swap, truncate/clear, explicit deep clone, and destruction	H-FLATSET	general-purpose-data-structure-capability-RESEARCH.md:section-4:line-207	6e9afa4f416ad0bdab2c9daef48c1bc1fa55285308909ba40c584a78210cfce0	861c14964d0e402e5b1fae1bc370851691ea15b6ef398b649c7691e58f1e0963	9174a2aa7c51b79f36b7ca4280072dea431ba3eeb1b67b58d873ba6b49ff0fad
G0-ROLE-D056CF94DE68B8B8	CAPABILITY_MATRIX	G0-ROLE-D056CF94DE68B8B8	Pop affine value	M	C-SEQ	C-FAIL	REQUIRED_OWNING_CANARY	every owning canary repeated through early `Result`, checked capacity failure, partial construction, and each recoverable allocation point	19f02393da541de5fb44b5aec311af516ac8caddf53abbb3af49a92f6c34903d	F-DENSE	NONE	F-DENSE	OWNER_OR_GATE_CLOSES_IMPLICATED_REOPEN	Move last value out and shorten live prefix	X	No affine elements or move-out transition	BLOCKS_ASSIGNED_FAMILY_AND_COMPLETE_FLOOR	REQUIRED_IN_LOCK,EXCLUDED_BLOCKS_FAMILY_AND_FLOOR	NOT_APPLICABLE_REOPENING_ONLY	unknown-length affine construction, reserve/grow/shrink, bulk extend/move-append, split, ordered insert/remove, O(1) `swap_remove`, pop, dynamic swap, truncate/clear, explicit deep clone, and destruction	H-FLATSET	general-purpose-data-structure-capability-RESEARCH.md:section-4:line-208	bb35901045bf1974fa7b2af34403012f523e8787d8efaeef0e758a465ca91b86	861c14964d0e402e5b1fae1bc370851691ea15b6ef398b649c7691e58f1e0963	9174a2aa7c51b79f36b7ca4280072dea431ba3eeb1b67b58d873ba6b49ff0fad
G0-ROLE-605AC2188112D67D	CAPABILITY_MATRIX	G0-ROLE-605AC2188112D67D	Ordered insert/remove and unordered `swap_remove`	M	C-SEQ	C-FAIL	REQUIRED_OWNING_CANARY	every owning canary repeated through early `Result`, checked capacity failure, partial construction, and each recoverable allocation point	19f02393da541de5fb44b5aec311af516ac8caddf53abbb3af49a92f6c34903d	F-DENSE	NONE	F-DENSE	OWNER_OR_GATE_CLOSES_IMPLICATED_REOPEN	Frozen O(n-i) ordered and O(1) unordered contracts	X	No affine move-out; swap simulation can add traffic	BLOCKS_ASSIGNED_FAMILY_AND_COMPLETE_FLOOR	REQUIRED_IN_LOCK,EXCLUDED_BLOCKS_FAMILY_AND_FLOOR	NOT_APPLICABLE_REOPENING_ONLY	unknown-length affine construction, reserve/grow/shrink, bulk extend/move-append, split, ordered insert/remove, O(1) `swap_remove`, pop, dynamic swap, truncate/clear, explicit deep clone, and destruction	H-FLATSET	general-purpose-data-structure-capability-RESEARCH.md:section-4:line-209	40a4a1585f6dfcc7e7447103b906bb88c87c78f4ee33b9a35ac40bd5d4518443	861c14964d0e402e5b1fae1bc370851691ea15b6ef398b649c7691e58f1e0963	9174a2aa7c51b79f36b7ca4280072dea431ba3eeb1b67b58d873ba6b49ff0fad
G0-ROLE-B5540625EAF6FBE2	CAPABILITY_MATRIX	G0-ROLE-B5540625EAF6FBE2	Swap two dynamic elements	M	C-SEQ	C-FAIL	REQUIRED_OWNING_CANARY	every owning canary repeated through early `Result`, checked capacity failure, partial construction, and each recoverable allocation point	19f02393da541de5fb44b5aec311af516ac8caddf53abbb3af49a92f6c34903d	F-DENSE	NONE	F-DENSE	OWNER_OR_GATE_CLOSES_IMPLICATED_REOPEN	Runtime distinctness plus two exclusive places	X	OWN-7 conservatively overlaps dynamic indexed places	BLOCKS_ASSIGNED_FAMILY_AND_COMPLETE_FLOOR	REQUIRED_IN_LOCK,EXCLUDED_BLOCKS_FAMILY_AND_FLOOR	NOT_APPLICABLE_REOPENING_ONLY	unknown-length affine construction, reserve/grow/shrink, bulk extend/move-append, split, ordered insert/remove, O(1) `swap_remove`, pop, dynamic swap, truncate/clear, explicit deep clone, and destruction	NONE	general-purpose-data-structure-capability-RESEARCH.md:section-4:line-210	7227f3abd5c5a2a44b6a8f533a343a641accd784b112633c4b70dccb30c71e66	861c14964d0e402e5b1fae1bc370851691ea15b6ef398b649c7691e58f1e0963	9174a2aa7c51b79f36b7ca4280072dea431ba3eeb1b67b58d873ba6b49ff0fad
G0-ROLE-7D51E1A35939B08B	CAPABILITY_MATRIX	G0-ROLE-7D51E1A35939B08B	Clear/truncate	M	C-SEQ	C-FAIL	REQUIRED_OWNING_CANARY	every owning canary repeated through early `Result`, checked capacity failure, partial construction, and each recoverable allocation point	19f02393da541de5fb44b5aec311af516ac8caddf53abbb3af49a92f6c34903d	F-DENSE	NONE	F-DENSE	OWNER_OR_GATE_CLOSES_IMPLICATED_REOPEN	Drop exactly the removed initialized range	U	Copy tapes can reset a count, but the physical buffer remains fully live	BLOCKS_ASSIGNED_FAMILY_AND_COMPLETE_FLOOR	REQUIRED_IN_LOCK,EXCLUDED_BLOCKS_FAMILY_AND_FLOOR	NOT_APPLICABLE_REOPENING_ONLY	unknown-length affine construction, reserve/grow/shrink, bulk extend/move-append, split, ordered insert/remove, O(1) `swap_remove`, pop, dynamic swap, truncate/clear, explicit deep clone, and destruction	H-FLATSET	general-purpose-data-structure-capability-RESEARCH.md:section-4:line-211	5733ca451652c744bb14dd392efa611cc020ea810f456f1ef9ae9e6f74977786	861c14964d0e402e5b1fae1bc370851691ea15b6ef398b649c7691e58f1e0963	9174a2aa7c51b79f36b7ca4280072dea431ba3eeb1b67b58d873ba6b49ff0fad
G0-ROLE-ED91500D67BFD4C8	CAPABILITY_MATRIX	G0-ROLE-ED91500D67BFD4C8	Deep clone and bulk move-append	M	C-SEQ	C-FAIL	REQUIRED_OWNING_CANARY	every owning canary repeated through early `Result`, checked capacity failure, partial construction, and each recoverable allocation point	19f02393da541de5fb44b5aec311af516ac8caddf53abbb3af49a92f6c34903d	F-DENSE	NONE	F-DENSE	OWNER_OR_GATE_CLOSES_IMPLICATED_REOPEN	Explicit duplication versus ownership transfer	X	Copy-only loops cover only narrow concrete cases	BLOCKS_ASSIGNED_FAMILY_AND_COMPLETE_FLOOR	REQUIRED_IN_LOCK,EXCLUDED_BLOCKS_FAMILY_AND_FLOOR	NOT_APPLICABLE_REOPENING_ONLY	unknown-length affine construction, reserve/grow/shrink, bulk extend/move-append, split, ordered insert/remove, O(1) `swap_remove`, pop, dynamic swap, truncate/clear, explicit deep clone, and destruction	NONE	general-purpose-data-structure-capability-RESEARCH.md:section-4:line-212	4ff866daa3dd5b0d6e91a58c9b231e5342fe25889b017c016e464cfa23abcdfe	861c14964d0e402e5b1fae1bc370851691ea15b6ef398b649c7691e58f1e0963	9174a2aa7c51b79f36b7ca4280072dea431ba3eeb1b67b58d873ba6b49ff0fad
G0-ROLE-3CA94EB9140EFE9C	CAPABILITY_MATRIX	G0-ROLE-3CA94EB9140EFE9C	Stable retain and eager drain/splice	M	C-COMPACT	C-FAIL	REQUIRED_OWNING_CANARY	every owning canary repeated through early `Result`, checked capacity failure, partial construction, and each recoverable allocation point	19f02393da541de5fb44b5aec311af516ac8caddf53abbb3af49a92f6c34903d	F-DENSE	NONE	F-DENSE	OWNER_OR_GATE_CLOSES_IMPLICATED_REOPEN	One-pass compaction with exact transient ownership	X	Full rebuild changes allocation and traffic	BLOCKS_ASSIGNED_FAMILY_AND_COMPLETE_FLOOR	REQUIRED_IN_LOCK,EXCLUDED_BLOCKS_FAMILY_AND_FLOOR	NOT_APPLICABLE_REOPENING_ONLY	stable retain and eager drain/splice with direct element-traffic accounting	H-FLATSET	general-purpose-data-structure-capability-RESEARCH.md:section-4:line-213	b45ca5c1d778b9ba0f3d94c926de825e4ce75364701b98698ab9badfc909087a	33516c67f604fe3205677f77ce29e241c267161a5c0374f0a62ca69fe37d3bfe	9174a2aa7c51b79f36b7ca4280072dea431ba3eeb1b67b58d873ba6b49ff0fad
G0-ROLE-059A35CFB70D3665	CAPABILITY_MATRIX	G0-ROLE-059A35CFB70D3665	Lazy drain cursor	O	C-LAZY-DRAIN	C-FAIL	REQUIRED_OWNING_CANARY	every owning canary repeated through early `Result`, checked capacity failure, partial construction, and each recoverable allocation point	19f02393da541de5fb44b5aec311af516ac8caddf53abbb3af49a92f6c34903d	F-DENSE	NONE	F-DENSE	OPTIONAL_PROMOTION_ONLY_IMPLICATED_REOPEN	Partial consumption with sound cursor drop/finish	X	Current no-finalizer rule leaves cleanup unproved	BLOCKS_ONLY_IF_PROMOTED_OR_REQUIRED_BY_A_MANDATORY_CONTRACT	REQUIRED_IN_LOCK,EXCLUDED_BLOCKS_FAMILY_AND_FLOOR,OPTIONAL_NOT_PROMOTED	NOT_APPLICABLE_REOPENING_ONLY	optional partial-consumption cursor, including early drop or explicit finish under the selected finalizer policy	O-LAZY-DRAIN	general-purpose-data-structure-capability-RESEARCH.md:section-4:line-214	f19a9861b1bc286c31cdbf53f3be4164ccc6a4600d1a0d327389f97bf9174135	cfba0b8f5cf24fd22b0dcc01aacd81528081f2f2beee59f9965cfaee3b62659a	9174a2aa7c51b79f36b7ca4280072dea431ba3eeb1b67b58d873ba6b49ff0fad
G0-ROLE-DEE68BBB5BE8CE36	CAPABILITY_MATRIX	G0-ROLE-DEE68BBB5BE8CE36	Generic unstable and stable sort	M	C-SORT	C-FAIL	REQUIRED_OWNING_CANARY	every owning canary repeated through early `Result`, checked capacity failure, partial construction, and each recoverable allocation point	19f02393da541de5fb44b5aec311af516ac8caddf53abbb3af49a92f6c34903d	F-DENSE	NONE	F-DENSE	OWNER_OR_GATE_CLOSES_IMPLICATED_REOPEN	Static comparator, affine swap, and scratch cleanup	X	No general comparator or affine scratch state	BLOCKS_ASSIGNED_FAMILY_AND_COMPLETE_FLOOR	REQUIRED_IN_LOCK,EXCLUDED_BLOCKS_FAMILY_AND_FLOOR	NOT_APPLICABLE_REOPENING_ONLY	unstable and stable sort of affine payloads with a static comparator and partial-scratch cleanup	NONE	general-purpose-data-structure-capability-RESEARCH.md:section-4:line-215	40da2dd8d52d5971e1e8ef6268405892085e0e69f1edf11afd592098bc81a5d4	11e741b6c0f32ff43eea8b3dd440349e6c19b7710c50d569cf910cb4f7ac7b15	9174a2aa7c51b79f36b7ca4280072dea431ba3eeb1b67b58d873ba6b49ff0fad
G0-ROLE-A1429BB8CF6BDF06	CAPABILITY_MATRIX	G0-ROLE-A1429BB8CF6BDF06	Stack adapter	M	C-SEQ	C-FAIL	REQUIRED_OWNING_CANARY	every owning canary repeated through early `Result`, checked capacity failure, partial construction, and each recoverable allocation point	19f02393da541de5fb44b5aec311af516ac8caddf53abbb3af49a92f6c34903d	F-DENSE	NONE	F-DENSE	OWNER_OR_GATE_CLOSES_IMPLICATED_REOPEN	Dense-sequence push/pop with no extra storage tax	X	Fixed Copy-only stack can be hand written	BLOCKS_ASSIGNED_FAMILY_AND_COMPLETE_FLOOR	REQUIRED_IN_LOCK,EXCLUDED_BLOCKS_FAMILY_AND_FLOOR	NOT_APPLICABLE_REOPENING_ONLY	unknown-length affine construction, reserve/grow/shrink, bulk extend/move-append, split, ordered insert/remove, O(1) `swap_remove`, pop, dynamic swap, truncate/clear, explicit deep clone, and destruction	NONE	general-purpose-data-structure-capability-RESEARCH.md:section-4:line-216	da2d818cc16e1d7c94c4e5948edcd73b61304b9a5a7cd20fb5eb8e036062939c	861c14964d0e402e5b1fae1bc370851691ea15b6ef398b649c7691e58f1e0963	9174a2aa7c51b79f36b7ca4280072dea431ba3eeb1b67b58d873ba6b49ff0fad
G0-ROLE-34933FEF062C2006	CAPABILITY_MATRIX	G0-ROLE-34933FEF062C2006	FIFO queue/deque	M	C-DEQUE	C-FAIL	REQUIRED_OWNING_CANARY	every owning canary repeated through early `Result`, checked capacity failure, partial construction, and each recoverable allocation point	19f02393da541de5fb44b5aec311af516ac8caddf53abbb3af49a92f6c34903d	F-DEQUE	NONE	F-DEQUE	OWNER_OR_GATE_CLOSES_IMPLICATED_REOPEN	Amortized O(1) operations at both ends under bounded memory	X	A simple prefix makes front removal O(n)	BLOCKS_ASSIGNED_FAMILY_AND_COMPLETE_FLOOR	REQUIRED_IN_LOCK,EXCLUDED_BLOCKS_FAMILY_AND_FLOOR	NOT_APPLICABLE_REOPENING_ONLY	wrap/rebalance, `make_contiguous`-like access, and adversarial alternating-end churn under a frozen memory bound	NONE	general-purpose-data-structure-capability-RESEARCH.md:section-4:line-217	be355244e4458a812bfbde2576bf4d84b7d72c2dba459f414dad25404ea77414	aee18bf26ed113fb896e7a356e3daa714cd0822f588aca39043eb85cfcbe7444	9174a2aa7c51b79f36b7ca4280072dea431ba3eeb1b67b58d873ba6b49ff0fad
G0-ROLE-123547668C1C4CAB	CAPABILITY_MATRIX	G0-ROLE-123547668C1C4CAB	Priority queue	M	C-HEAP	C-FAIL	REQUIRED_OWNING_CANARY	every owning canary repeated through early `Result`, checked capacity failure, partial construction, and each recoverable allocation point	19f02393da541de5fb44b5aec311af516ac8caddf53abbb3af49a92f6c34903d	F-HEAP	F-DENSE	F-HEAP	OWNER_OR_GATE_CLOSES_IMPLICATED_REOPEN	Sequence-backed push/pop/repair under a frozen ordering contract	X	Fixed concrete Copy-only heap is possible	BLOCKS_ASSIGNED_FAMILY_AND_COMPLETE_FLOOR	REQUIRED_IN_LOCK,EXCLUDED_BLOCKS_FAMILY_AND_FLOOR	NOT_APPLICABLE_REOPENING_ONLY	priority push/pop/repair for the frozen priority contract	H-IPQ	general-purpose-data-structure-capability-RESEARCH.md:section-4:line-218	e5c15f7176d22242a1bca380dc440d32163e169bbf76b33b2b2ec276afce3d58	c003c2c4437c87f078933b066ca7cee14ae7af363a88bd401c79152118dd1ab0	9174a2aa7c51b79f36b7ca4280072dea431ba3eeb1b67b58d873ba6b49ff0fad
G0-ROLE-A938E1E8EE996241	CAPABILITY_MATRIX	G0-ROLE-A938E1E8EE996241	Hash map/set	M	C-HASH	C-FAIL	REQUIRED_OWNING_CANARY	every owning canary repeated through early `Result`, checked capacity failure, partial construction, and each recoverable allocation point	19f02393da541de5fb44b5aec311af516ac8caddf53abbb3af49a92f6c34903d	F-SPARSE	NONE	F-SPARSE	OWNER_OR_GATE_CLOSES_IMPLICATED_REOPEN	Expected O(1) under frozen hash/adversary assumptions	X	Sparse affine occupancy and move-out are absent	BLOCKS_ASSIGNED_FAMILY_AND_COMPLETE_FLOOR	REQUIRED_IN_LOCK,EXCLUDED_BLOCKS_FAMILY_AND_FLOOR	NOT_APPLICABLE_REOPENING_ONLY	accumulator/Entry, reserve/shrink, remove/retain/rehash, adversarial collisions, and steady-live delete/insert churn	H-STORE	general-purpose-data-structure-capability-RESEARCH.md:section-4:line-219	e5ef58a3277c7157440cf097bc69d89f1557ddd2dbf5c55f8138af3237cd70f1	ec85ef209b74afa2335744482937996945212267e016974b23f5e71c31b77f28	9174a2aa7c51b79f36b7ca4280072dea431ba3eeb1b67b58d873ba6b49ff0fad
G0-ROLE-3B4FA2E3972C0E26	CAPABILITY_MATRIX	G0-ROLE-3B4FA2E3972C0E26	Ordered map/set	M	C-ORDER	C-FAIL	REQUIRED_OWNING_CANARY	every owning canary repeated through early `Result`, checked capacity failure, partial construction, and each recoverable allocation point	19f02393da541de5fb44b5aec311af516ac8caddf53abbb3af49a92f6c34903d	F-ORDERED	F-DENSE,F-IDENTITY,F-RECURSIVE	F-ORDERED	OWNER_OR_GATE_CLOSES_IMPLICATED_REOPEN	Comparison-model O(log n), ordered range, split/merge	X	No affine node storage or callable comparator	BLOCKS_ASSIGNED_FAMILY_AND_COMPLETE_FLOOR	REQUIRED_IN_LOCK,EXCLUDED_BLOCKS_FAMILY_AND_FLOOR	NOT_APPLICABLE_REOPENING_ONLY	comparison-tree node split/merge and ordered range mutation	NONE	general-purpose-data-structure-capability-RESEARCH.md:section-4:line-220	4e2801d1be01e9db2ddc442510925d49c7fef9affc56e6632e3e27fbbbb6a8d4	44bef8570435b3cd0600bea0cf2f21d3b28899f7fd536e9e5825f5332efa73ae	9174a2aa7c51b79f36b7ca4280072dea431ba3eeb1b67b58d873ba6b49ff0fad
G0-ROLE-F134B31BF832F055	CAPABILITY_MATRIX	G0-ROLE-F134B31BF832F055	Append-only AST/DAG/graph	B	C-P2	C-FAIL	REQUIRED_OWNING_CANARY	every owning canary repeated through early `Result`, checked capacity failure, partial construction, and each recoverable allocation point	19f02393da541de5fb44b5aec311af516ac8caddf53abbb3af49a92f6c34903d	ALL-FAMILY-LOCKS	NONE	ALL-FAMILY-LOCKS	EVERY_CANDIDATE_EXECUTES	Contiguous SoA columns and non-reused indices	P	P2; measured for the binary-trees/IR-like shape	PROTECTED_NO_REGRESSION_IN_EVERY_FAMILY_LOCK	PROTECTED_CONTROL	PROTECTED_CONTROL	unchanged append-only AST/DAG access and machine-code accounting	B-P2	general-purpose-data-structure-capability-RESEARCH.md:section-4:line-221	bea25f4a091a500b1e5be110dbe9aae769720e942d942adda8bd1d56991aede9	6c26fbc2de6c25ddfbc23f19f26cddcd69ca10e8c8bcfde08022c30687e49191	9174a2aa7c51b79f36b7ca4280072dea431ba3eeb1b67b58d873ba6b49ff0fad
G0-ROLE-8385226130A83F8E	CAPABILITY_MATRIX	G0-ROLE-8385226130A83F8E	Recyclable stable pool	W	C-POOL	C-FAIL	REQUIRED_OWNING_CANARY	every owning canary repeated through early `Result`, checked capacity failure, partial construction, and each recoverable allocation point	19f02393da541de5fb44b5aec311af516ac8caddf53abbb3af49a92f6c34903d	F-IDENTITY	F-SPARSE	F-IDENTITY	OWNER_OR_GATE_CLOSES_IMPLICATED_REOPEN	Frozen reuse, identity, exhaustion, and memory contract	X	Census-gated; finite copied identities cannot provide every desired guarantee together	BLOCKS_ASSIGNED_FAMILY_AND_COMPLETE_FLOOR	REQUIRED_IN_LOCK,EXCLUDED_BLOCKS_FAMILY_AND_FLOOR	NOT_APPLICABLE_REOPENING_ONLY	recyclable deletion/reuse, stale access, and the finite-identity steady-live churn boundary from Section 9	W-POOL	general-purpose-data-structure-capability-RESEARCH.md:section-4:line-222	5c906230acf54c124ba72de1cbfd463687149bba41eaf1e506d8881829714e9f	939459156f1d19057d330cbb06b6d02723f3a3adbaeef12fd6de1724c5586439	9174a2aa7c51b79f36b7ca4280072dea431ba3eeb1b67b58d873ba6b49ff0fad
G0-ROLE-3C9161161D843F6C	CAPABILITY_MATRIX	G0-ROLE-3C9161161D843F6C	Frozen graph	W	C-GRAPH	C-FAIL	REQUIRED_OWNING_CANARY	every owning canary repeated through early `Result`, checked capacity failure, partial construction, and each recoverable allocation point	19f02393da541de5fb44b5aec311af516ac8caddf53abbb3af49a92f6c34903d	F-IDENTITY	F-DENSE	F-DENSE,F-IDENTITY	OWNER_OR_GATE_CLOSES_IMPLICATED_REOPEN	CSR offsets and edge targets	U	No general library witness exists	BLOCKS_ASSIGNED_FAMILY_AND_COMPLETE_FLOOR	REQUIRED_IN_LOCK,EXCLUDED_BLOCKS_FAMILY_AND_FLOOR	NOT_APPLICABLE_REOPENING_ONLY	frozen CSR plus dynamic graph deletion and known-neighbor singly/doubly linked rewiring	W-GRAPH	general-purpose-data-structure-capability-RESEARCH.md:section-4:line-223	4c9a105150fc91c89f6ecd640786245032892a5992991c40c6c04a037ef4d604	16885798ed81670ce7cba5fc63f2ec6a41cd4ef473d7be60ef4481d8af1aef58	9174a2aa7c51b79f36b7ca4280072dea431ba3eeb1b67b58d873ba6b49ff0fad
G0-ROLE-2C9485C46C1FBB01	CAPABILITY_MATRIX	G0-ROLE-2C9485C46C1FBB01	Dynamic graph with deletion	W	C-GRAPH	C-FAIL	REQUIRED_OWNING_CANARY	every owning canary repeated through early `Result`, checked capacity failure, partial construction, and each recoverable allocation point	19f02393da541de5fb44b5aec311af516ac8caddf53abbb3af49a92f6c34903d	F-IDENTITY	F-DENSE	F-DENSE,F-IDENTITY	OWNER_OR_GATE_CLOSES_IMPLICATED_REOPEN	Stable identity, reuse, and multi-node mutation	X	Append-only storage never reclaims slots	BLOCKS_ASSIGNED_FAMILY_AND_COMPLETE_FLOOR	REQUIRED_IN_LOCK,EXCLUDED_BLOCKS_FAMILY_AND_FLOOR	NOT_APPLICABLE_REOPENING_ONLY	frozen CSR plus dynamic graph deletion and known-neighbor singly/doubly linked rewiring	W-GRAPH	general-purpose-data-structure-capability-RESEARCH.md:section-4:line-224	01e5f6275e881a46b6850cae1e835416698788ad6ce3431b64bec1e36300b91f	16885798ed81670ce7cba5fc63f2ec6a41cd4ef473d7be60ef4481d8af1aef58	9174a2aa7c51b79f36b7ca4280072dea431ba3eeb1b67b58d873ba6b49ff0fad
G0-ROLE-1325ACFAB62E40FA	CAPABILITY_MATRIX	G0-ROLE-1325ACFAB62E40FA	Singly owned recursive list	W	C-RECUR	C-FAIL	REQUIRED_OWNING_CANARY	every owning canary repeated through early `Result`, checked capacity failure, partial construction, and each recoverable allocation point	19f02393da541de5fb44b5aec311af516ac8caddf53abbb3af49a92f6c34903d	F-RECURSIVE	NONE	F-RECURSIVE	OWNER_OR_GATE_CLOSES_IMPLICATED_REOPEN	Finite layout, box extraction, mutable cursor, bounded drop	X	Replace/reborrow and recursive drop rules are absent	BLOCKS_ASSIGNED_FAMILY_AND_COMPLETE_FLOOR	REQUIRED_IN_LOCK,EXCLUDED_BLOCKS_FAMILY_AND_FLOOR	NOT_APPLICABLE_REOPENING_ONLY	recursive box construction, extraction, mutation, inline-cycle rejection, and very deep destruction with bounded stack use	W-RECUR	general-purpose-data-structure-capability-RESEARCH.md:section-4:line-225	54bc10b8d8eacbc43c06a4b3e84975728c08807f6aa9b7c675c57d268eb388db	d99a61a9a1855daa3b60c730268ad8380c4698073f9cd392c3563d770aa37597	9174a2aa7c51b79f36b7ca4280072dea431ba3eeb1b67b58d873ba6b49ff0fad
G0-ROLE-8FB25D436825D80D	CAPABILITY_MATRIX	G0-ROLE-8FB25D436825D80D	Doubly linked/cyclic list	W	C-GRAPH	C-FAIL	REQUIRED_OWNING_CANARY	every owning canary repeated through early `Result`, checked capacity failure, partial construction, and each recoverable allocation point	19f02393da541de5fb44b5aec311af516ac8caddf53abbb3af49a92f6c34903d	F-IDENTITY	F-DENSE	F-DENSE,F-IDENTITY	OWNER_OR_GATE_CLOSES_IMPLICATED_REOPEN	Non-owning stable links and O(1) known-neighbor rewiring	X	Unique recursive ownership cannot encode both directions	BLOCKS_ASSIGNED_FAMILY_AND_COMPLETE_FLOOR	REQUIRED_IN_LOCK,EXCLUDED_BLOCKS_FAMILY_AND_FLOOR	NOT_APPLICABLE_REOPENING_ONLY	frozen CSR plus dynamic graph deletion and known-neighbor singly/doubly linked rewiring	W-GRAPH	general-purpose-data-structure-capability-RESEARCH.md:section-4:line-226	574778687865422575f116fce63adcb710c066374891d1f8332cbd4dd1e1c3f4	16885798ed81670ce7cba5fc63f2ec6a41cd4ef473d7be60ef4481d8af1aef58	9174a2aa7c51b79f36b7ca4280072dea431ba3eeb1b67b58d873ba6b49ff0fad
G0-ROLE-18DF259DC8194EA0	CAPABILITY_MATRIX	G0-ROLE-18DF259DC8194EA0	Homogeneous bump arena/slab	W	C-ARENA	C-FAIL	REQUIRED_OWNING_CANARY	every owning canary repeated through early `Result`, checked capacity failure, partial construction, and each recoverable allocation point	19f02393da541de5fb44b5aec311af516ac8caddf53abbb3af49a92f6c34903d	F-ARENA	F-DENSE	F-DENSE,F-ARENA	OWNER_OR_GATE_CLOSES_IMPLICATED_REOPEN	Stable address, bulk reset, and exact payload drop	X	No general multi-value affine storage witness exists	BLOCKS_ASSIGNED_FAMILY_AND_COMPLETE_FLOOR	REQUIRED_IN_LOCK,EXCLUDED_BLOCKS_FAMILY_AND_FLOOR	NOT_APPLICABLE_REOPENING_ONLY	homogeneous stable-address allocation, partial construction, exact element drops, and bulk reset	W-ARENA	general-purpose-data-structure-capability-RESEARCH.md:section-4:line-227	5f9c6538395a254dd92e1e1451839a5af4df4b0a780b8f67f038546de36a69ca	5d40b56b88649a634d06b54c556f0ff06538b59a02e2808fe438e6705232d19c	9174a2aa7c51b79f36b7ca4280072dea431ba3eeb1b67b58d873ba6b49ff0fad
G0-ROLE-8C1082FBCB0E3BE8	CAPABILITY_MATRIX	G0-ROLE-8C1082FBCB0E3BE8	Inline-to-heap small sequence	W	C-SMALL	C-FAIL	REQUIRED_OWNING_CANARY	every owning canary repeated through early `Result`, checked capacity failure, partial construction, and each recoverable allocation point	19f02393da541de5fb44b5aec311af516ac8caddf53abbb3af49a92f6c34903d	F-DENSE	NONE	F-DENSE	OWNER_OR_GATE_CLOSES_IMPLICATED_REOPEN	No heap below threshold and sound one-time representation transition	X	No generic affine sequence or transition witness exists	BLOCKS_ASSIGNED_FAMILY_AND_COMPLETE_FLOOR	REQUIRED_IN_LOCK,EXCLUDED_BLOCKS_FAMILY_AND_FLOOR	NOT_APPLICABLE_REOPENING_ONLY	inline-to-heap affine-sequence transition with exact ownership, drop, and below-threshold allocation accounting	W-SMALL	general-purpose-data-structure-capability-RESEARCH.md:section-4:line-228	475406473a450786b55bd5b6f2dc8c84fc3041afd22541c4c682162480b2af8c	6b75416a5812b6e54fa8d6fd65e3fae32baade7bf62f6926650b4c3add490942	9174a2aa7c51b79f36b7ca4280072dea431ba3eeb1b67b58d873ba6b49ff0fad
G0-ROLE-264824702F71B254	CAPABILITY_MATRIX	G0-ROLE-264824702F71B254	Unseen storage-bearing structure	H	H-STORE	C-FAIL	REQUIRED_OWNING_CANARY	every owning canary repeated through early `Result`, checked capacity failure, partial construction, and each recoverable allocation point	19f02393da541de5fb44b5aec311af516ac8caddf53abbb3af49a92f6c34903d	F-SPARSE	F-DENSE	F-SPARSE	OWNER_OR_GATE_CLOSES_IMPLICATED_REOPEN	Direct use of public storage-state transitions under a frozen dependency budget	X	Must not compose the corresponding finished container	BLOCKS_ASSIGNED_FAMILY_AND_COMPLETE_FLOOR	REQUIRED_IN_LOCK,EXCLUDED_BLOCKS_FAMILY_AND_FLOOR	NOT_APPLICABLE_REOPENING_ONLY	Direct use of public storage-state transitions under a frozen dependency budget	H-STORE	general-purpose-data-structure-capability-RESEARCH.md:section-4:line-229	8f82625c0a46205bfab42b5d810ff2a889cfc7e252f52581979f9ef5e2f39a8e	8f82625c0a46205bfab42b5d810ff2a889cfc7e252f52581979f9ef5e2f39a8e	9174a2aa7c51b79f36b7ca4280072dea431ba3eeb1b67b58d873ba6b49ff0fad
G0-ROLE-4BB5C11CC7DEAB04	CAPABILITY_MATRIX	G0-ROLE-4BB5C11CC7DEAB04	LRU cache	H	H-LRU	C-FAIL	REQUIRED_OWNING_CANARY	every owning canary repeated through early `Result`, checked capacity failure, partial construction, and each recoverable allocation point	19f02393da541de5fb44b5aec311af516ac8caddf53abbb3af49a92f6c34903d	F-IDENTITY	F-SPARSE	F-SPARSE,F-IDENTITY	OWNER_OR_GATE_CLOSES_IMPLICATED_REOPEN	Hash lookup plus stable O(1) known-node deletion/move	X	Exercises keyed storage, handles, rewiring, and reclamation	BLOCKS_ASSIGNED_FAMILY_AND_COMPLETE_FLOOR	REQUIRED_IN_LOCK,EXCLUDED_BLOCKS_FAMILY_AND_FLOOR	NOT_APPLICABLE_REOPENING_ONLY	Hash lookup plus stable O(1) known-node deletion/move	H-LRU	general-purpose-data-structure-capability-RESEARCH.md:section-4:line-230	fab6cb84f52ec8749b8b5d1c6f87f87bc06e26af46a26c901e2a9e53a2a25e6f	fab6cb84f52ec8749b8b5d1c6f87f87bc06e26af46a26c901e2a9e53a2a25e6f	9174a2aa7c51b79f36b7ca4280072dea431ba3eeb1b67b58d873ba6b49ff0fad
G0-ROLE-FBB488CE0AAE588A	CAPABILITY_MATRIX	G0-ROLE-FBB488CE0AAE588A	Indexed priority queue	H	H-IPQ	C-FAIL	REQUIRED_OWNING_CANARY	every owning canary repeated through early `Result`, checked capacity failure, partial construction, and each recoverable allocation point	19f02393da541de5fb44b5aec311af516ac8caddf53abbb3af49a92f6c34903d	F-HEAP	F-DENSE,F-SPARSE	F-DENSE,F-SPARSE,F-HEAP	OWNER_OR_GATE_CLOSES_IMPLICATED_REOPEN	Map from key to heap position plus affine heap repair	X	Ordinary-library anti-special-casing witness	BLOCKS_ASSIGNED_FAMILY_AND_COMPLETE_FLOOR	REQUIRED_IN_LOCK,EXCLUDED_BLOCKS_FAMILY_AND_FLOOR	NOT_APPLICABLE_REOPENING_ONLY	Map from key to heap position plus affine heap repair	H-IPQ	general-purpose-data-structure-capability-RESEARCH.md:section-4:line-231	2dddb65e67ba2795d9243c53ff1cbb33f511ded1dc2732a9034ae9ff829779b4	2dddb65e67ba2795d9243c53ff1cbb33f511ded1dc2732a9034ae9ff829779b4	9174a2aa7c51b79f36b7ca4280072dea431ba3eeb1b67b58d873ba6b49ff0fad
G0-ROLE-46D95D26A51F3ABA	CAPABILITY_MATRIX	G0-ROLE-46D95D26A51F3ABA	Bytes and UTF-8 text builder	M	C-TEXT	C-FAIL	REQUIRED_OWNING_CANARY	every owning canary repeated through early `Result`, checked capacity failure, partial construction, and each recoverable allocation point	19f02393da541de5fb44b5aec311af516ac8caddf53abbb3af49a92f6c34903d	F-TEXT	F-DENSE	F-DENSE,F-TEXT	OWNER_OR_GATE_CLOSES_IMPLICATED_REOPEN	Bulk append, validity sealing, and boundary-safe edits	X	Current byte buffer is fixed and fully initialized	BLOCKS_ASSIGNED_FAMILY_AND_COMPLETE_FLOOR	REQUIRED_IN_LOCK,EXCLUDED_BLOCKS_FAMILY_AND_FLOOR	NOT_APPLICABLE_REOPENING_ONLY	unknown-length byte output, bulk append, UTF-8 validation/sealing, and boundary-preserving edits	NONE	general-purpose-data-structure-capability-RESEARCH.md:section-4:line-232	bc30094ee4b44b38a5e77e62c54ac28384ffb6a685d85962252169971caf5362	8c81121c8742a3f61570f028ff3ef0b7a4bd1cc879013da07efc7e1c5cd43496	9174a2aa7c51b79f36b7ca4280072dea431ba3eeb1b67b58d873ba6b49ff0fad
G0-ROLE-7202D07BC89E6CB7	CAPABILITY_MATRIX	G0-ROLE-7202D07BC89E6CB7	Borrowed, uniq, and owning iteration	M	C-ITER	C-FAIL	REQUIRED_OWNING_CANARY	every owning canary repeated through early `Result`, checked capacity failure, partial construction, and each recoverable allocation point	19f02393da541de5fb44b5aec311af516ac8caddf53abbb3af49a92f6c34903d	F-DENSE	NONE	F-DENSE,F-DEQUE,F-SPARSE,F-ORDERED,F-HEAP,F-IDENTITY,F-RECURSIVE,F-ARENA,F-TEXT	EACH_IMPLICATED_FAMILY_REBINDS_EXACT_TOPOLOGY	Provenance-preserving borrow or affine cursor	X	Index loops cover only concrete contiguous cases	BLOCKS_ASSIGNED_FAMILY_AND_COMPLETE_FLOOR	REQUIRED_IN_LOCK,EXCLUDED_BLOCKS_FAMILY_AND_FLOOR	PREDECESSOR_REUSE_AND_LOCAL_REBIND_PROVED,EXCLUDED_BLOCKS_FAMILY_AND_FLOOR	shared, uniq, and owning iteration with escape/invalidation negatives; and	B-P2,W-PIPE	general-purpose-data-structure-capability-RESEARCH.md:section-4:line-233	92953d564c2577011c438af5f86d1a5c89deb4ac7877b405d6679724ffd46441	17f02ef16e8c8138c67dc1b509ac0045a84d51324164413c743f64b7906ae76f	9174a2aa7c51b79f36b7ca4280072dea431ba3eeb1b67b58d873ba6b49ff0fad
G0-WITNESS-18CD5E98145F3B1C	WITNESS_REGISTRY	B-FIX	B-FIX	B	B-FIX	C-FAIL	REQUIRED_OWNING_CANARY	every owning canary repeated through early `Result`, checked capacity failure, partial construction, and each recoverable allocation point	19f02393da541de5fb44b5aec311af516ac8caddf53abbb3af49a92f6c34903d	ALL-FAMILY-LOCKS	NONE	ALL-FAMILY-LOCKS	EVERY_CANDIDATE_EXECUTES	Existing fixed, fully initialized Copy buffer Protection: Preserve its two-word owner, one allocation, fixed length, checked indexing, and optimized body. No capacity, occupancy, generation, sharing, or policy field/branch may appear.	PROTECTED	Preserve its two-word owner, one allocation, fixed length, checked indexing, and optimized body. No capacity, occupancy, generation, sharing, or policy field/branch may appear.	PROTECTED_NO_REGRESSION_IN_EVERY_FAMILY_LOCK	PROTECTED_CONTROL	PROTECTED_CONTROL	Existing fixed, fully initialized Copy buffer Protection: Preserve its two-word owner, one allocation, fixed length, checked indexing, and optimized body. No capacity, occupancy, generation, sharing, or policy field/branch may appear.	B-FIX	WITNESS-REGISTRY.md:section-2:line-52	bb864c46adfecb28422044c6d07efccca185d6dac4ee180ab855aac8a94162dc	bb864c46adfecb28422044c6d07efccca185d6dac4ee180ab855aac8a94162dc	9174a2aa7c51b79f36b7ca4280072dea431ba3eeb1b67b58d873ba6b49ff0fad
G0-WITNESS-5F1AC19FA98BCFAF	WITNESS_REGISTRY	B-P2	B-P2	B	B-P2	C-FAIL	REQUIRED_OWNING_CANARY	every owning canary repeated through early `Result`, checked capacity failure, partial construction, and each recoverable allocation point	19f02393da541de5fb44b5aec311af516ac8caddf53abbb3af49a92f6c34903d	ALL-FAMILY-LOCKS	NONE	ALL-FAMILY-LOCKS	EVERY_CANDIDATE_EXECUTES	Existing append-only SoA/index pool Protection: Preserve non-reused indices and the measured append-only access path. No generation, recycling, sparse-state, shared-ownership, or provenance branch may appear.	PROTECTED	Preserve non-reused indices and the measured append-only access path. No generation, recycling, sparse-state, shared-ownership, or provenance branch may appear.	PROTECTED_NO_REGRESSION_IN_EVERY_FAMILY_LOCK	PROTECTED_CONTROL	PROTECTED_CONTROL	Existing append-only SoA/index pool Protection: Preserve non-reused indices and the measured append-only access path. No generation, recycling, sparse-state, shared-ownership, or provenance branch may appear.	B-P2	WITNESS-REGISTRY.md:section-2:line-53	24208891fd4fc05aa9e8db4b4b11052ea3e4c9067687d25deca3644be2b9d267	24208891fd4fc05aa9e8db4b4b11052ea3e4c9067687d25deca3644be2b9d267	9174a2aa7c51b79f36b7ca4280072dea431ba3eeb1b67b58d873ba6b49ff0fad
G0-WITNESS-62CE584F6DB86399	WITNESS_REGISTRY	W-POOL	W-POOL	W	W-POOL	C-FAIL	REQUIRED_OWNING_CANARY	every owning canary repeated through early `Result`, checked capacity failure, partial construction, and each recoverable allocation point	19f02393da541de5fb44b5aec311af516ac8caddf53abbb3af49a92f6c34903d	F-IDENTITY	F-SPARSE	F-IDENTITY	OWNER_OR_GATE_CLOSES_IMPLICATED_REOPEN	Insert, shared `get`, replace, and remove affine payloads through finite copyable logical handles; a returned borrow is tied to the pool and blocks incompatible mutation. Each slot generation advances without wrap; reaching its maximum retires that slot permanently. The pool has a frozen maximum slot count, so insertion returns `IdentityExhausted(own T)` as the sole owner before any stale handle could revive, with the pool unchanged. Storage/history is O(maximum slots), including retired slots. A same-typed handle from another pool is a memory-safe logic error with no guaranteed rejection. Insertion is amortized O(1), including identity-exhaustion detection. Once no committing growth is required, insertion, shared get, replace, and remove each touch O(1) slots and metadata. Disposition is exact. Dependency budget: `K-SCALAR`, `ST-SPARSE`, `OW-INIT`, `OW-MOVEOUT`, `OW-REPLACE`, `OW-DROP`, `EX-NORMAL`, `EX-ABANDON`, `EX-ABORT`, `BR-PROV`, `BR-REBORROW`, `BR-RESULT`, `BR-INVALIDATE`, `FL-CAPACITY`, `FL-ALLOC`, `FL-ATOMIC`, `ID-LOGICAL`, `ID-FRESH`, `ID-POOL`, `FT-STATE`, `FT-IDENTITY`, `AB-SEAL`, `AB-GENERIC`, `F-ALLOC`	REQUIRED	Distinguishes reusable storage and temporal freshness from an append-only index or a bare-key slab.	BLOCKS_ASSIGNED_FAMILY_AND_COMPLETE_FLOOR	REQUIRED_IN_LOCK,EXCLUDED_BLOCKS_FAMILY_AND_FLOOR	NOT_APPLICABLE_REOPENING_ONLY	Insert, shared `get`, replace, and remove affine payloads through finite copyable logical handles; a returned borrow is tied to the pool and blocks incompatible mutation. Each slot generation advances without wrap; reaching its maximum retires that slot permanently. The pool has a frozen maximum slot count, so insertion returns `IdentityExhausted(own T)` as the sole owner before any stale handle could revive, with the pool unchanged. Storage/history is O(maximum slots), including retired slots. A same-typed handle from another pool is a memory-safe logic error with no guaranteed rejection. Insertion is amortized O(1), including identity-exhaustion detection. Once no committing growth is required, insertion, shared get, replace, and remove each touch O(1) slots and metadata. Disposition is exact. Dependency budget: `K-SCALAR`, `ST-SPARSE`, `OW-INIT`, `OW-MOVEOUT`, `OW-REPLACE`, `OW-DROP`, `EX-NORMAL`, `EX-ABANDON`, `EX-ABORT`, `BR-PROV`, `BR-REBORROW`, `BR-RESULT`, `BR-INVALIDATE`, `FL-CAPACITY`, `FL-ALLOC`, `FL-ATOMIC`, `ID-LOGICAL`, `ID-FRESH`, `ID-POOL`, `FT-STATE`, `FT-IDENTITY`, `AB-SEAL`, `AB-GENERIC`, `F-ALLOC`	W-POOL	WITNESS-REGISTRY.md:section-3:line-99	c2b4d384af9f24b921c7aa66449034adec840ab4fa74540452e7f5a09d47613e	c2b4d384af9f24b921c7aa66449034adec840ab4fa74540452e7f5a09d47613e	9174a2aa7c51b79f36b7ca4280072dea431ba3eeb1b67b58d873ba6b49ff0fad
G0-WITNESS-A38FC2FC85351D93	WITNESS_REGISTRY	W-ARENA	W-ARENA	W	W-ARENA	C-FAIL	REQUIRED_OWNING_CANARY	every owning canary repeated through early `Result`, checked capacity failure, partial construction, and each recoverable allocation point	19f02393da541de5fb44b5aec311af516ac8caddf53abbb3af49a92f6c34903d	F-ARENA	F-DENSE	F-DENSE,F-ARENA	OWNER_OR_GATE_CLOSES_IMPLICATED_REOPEN	Amortized O(1) placement of an already-complete `own T` uses an owner-tied checked placement authority whose exact write footprint contains only allocation metadata and fresh dead storage. It returns a borrow tied to the arena; that borrow remains valid across later arena placements because each later write footprint is proved disjoint from every prior payload borrow and no prior payload relocates. Whole-arena unique access, hidden shared-write/interior mutation, or a runtime borrow table does not satisfy this contract. Any reset/destroy expression requiring incompatible arena access is statically rejected until every phase borrow ends. No individual free exists; after borrows end, reset/destroy disposes every complete affine payload exactly once. No partial aggregate is constructed inside arena storage. `FAM-DENSE` is a required exercised predecessor used only as the unbounded registry of sealed affine `F-ALLOC` backing-block owners. Every committed regular chunk and dedicated oversized block has exactly one retained block owner until reset/destruction. Registry growth may relocate sealed block-owner tokens, but relocation changes neither backing-allocation identity nor live payload-borrow provenance and moves neither allocation nor payload. Each payload borrow is rooted in the arena owner and exact retained backing allocation, never in a registry slot or token address. The reviewed `F-ALLOC` caller contract and access proof must establish this property; token relocation alone is not evidence. Recoverable block-acquisition or registry-retention failure returns `Failure(error, own T)` as the sole owner, destroys any uncommitted block owner exactly once, and leaves all existing contents and borrows unchanged. For a lock-frozen regular-chunk usable-byte budget C, C must hold at least eight minimum test payloads; a request is regular only when its maximum aligned footprint fits an empty regular chunk and is otherwise oversized. The resource envelope below charges regular payload extents R, regular alignment and terminal fragmentation P, dedicated aligned request footprints and actual acquired usable bytes, retained block-owner count K_peak, noncommitting calls F, successful noncommitting bytes Z, peak memory, and growth policy. Each successful oversized request uses one separately charged dedicated block and committing successful call. No logical identity, observable address promise after a borrow ends, self-reference, `Pin`-class projection, or pre-drop notification is implied. Dependency budget: `K-SCALAR`, `FAM-DENSE`, `ST-DENSE`, `OW-INIT`, `OW-DROP`, `EX-NORMAL`, `EX-ABANDON`, `EX-ABORT`, `BR-PROV`, `BR-REBORROW`, `BR-RESULT`, `BR-DISJOINT`, `BR-INVALIDATE`, `BR-CURSOR`, `FL-CAPACITY`, `FL-ALLOC`, `FL-ATOMIC`, `AB-SEAL`, `AB-GENERIC`, `FT-STATE`, `F-ALLOC`	REQUIRED	Bulk phase reclamation differs from per-slot deletion and from Rust bump allocators that intentionally skip payload destruction, without importing the deferred address-stability family. W-ARENA is a post-dense composition/access witness and cannot close, select, or adopt `FAM-DENSE`.	BLOCKS_ASSIGNED_FAMILY_AND_COMPLETE_FLOOR	REQUIRED_IN_LOCK,EXCLUDED_BLOCKS_FAMILY_AND_FLOOR	NOT_APPLICABLE_REOPENING_ONLY	Amortized O(1) placement of an already-complete `own T` uses an owner-tied checked placement authority whose exact write footprint contains only allocation metadata and fresh dead storage. It returns a borrow tied to the arena; that borrow remains valid across later arena placements because each later write footprint is proved disjoint from every prior payload borrow and no prior payload relocates. Whole-arena unique access, hidden shared-write/interior mutation, or a runtime borrow table does not satisfy this contract. Any reset/destroy expression requiring incompatible arena access is statically rejected until every phase borrow ends. No individual free exists; after borrows end, reset/destroy disposes every complete affine payload exactly once. No partial aggregate is constructed inside arena storage. `FAM-DENSE` is a required exercised predecessor used only as the unbounded registry of sealed affine `F-ALLOC` backing-block owners. Every committed regular chunk and dedicated oversized block has exactly one retained block owner until reset/destruction. Registry growth may relocate sealed block-owner tokens, but relocation changes neither backing-allocation identity nor live payload-borrow provenance and moves neither allocation nor payload. Each payload borrow is rooted in the arena owner and exact retained backing allocation, never in a registry slot or token address. The reviewed `F-ALLOC` caller contract and access proof must establish this property; token relocation alone is not evidence. Recoverable block-acquisition or registry-retention failure returns `Failure(error, own T)` as the sole owner, destroys any uncommitted block owner exactly once, and leaves all existing contents and borrows unchanged. For a lock-frozen regular-chunk usable-byte budget C, C must hold at least eight minimum test payloads; a request is regular only when its maximum aligned footprint fits an empty regular chunk and is otherwise oversized. The resource envelope below charges regular payload extents R, regular alignment and terminal fragmentation P, dedicated aligned request footprints and actual acquired usable bytes, retained block-owner count K_peak, noncommitting calls F, successful noncommitting bytes Z, peak memory, and growth policy. Each successful oversized request uses one separately charged dedicated block and committing successful call. No logical identity, observable address promise after a borrow ends, self-reference, `Pin`-class projection, or pre-drop notification is implied. Dependency budget: `K-SCALAR`, `FAM-DENSE`, `ST-DENSE`, `OW-INIT`, `OW-DROP`, `EX-NORMAL`, `EX-ABANDON`, `EX-ABORT`, `BR-PROV`, `BR-REBORROW`, `BR-RESULT`, `BR-DISJOINT`, `BR-INVALIDATE`, `BR-CURSOR`, `FL-CAPACITY`, `FL-ALLOC`, `FL-ATOMIC`, `AB-SEAL`, `AB-GENERIC`, `FT-STATE`, `F-ALLOC`	W-ARENA	WITNESS-REGISTRY.md:section-3:line-100	83eb9554a49e95131674cbaa9d7a63773de7c5588780f951f9469191ad2637cf	83eb9554a49e95131674cbaa9d7a63773de7c5588780f951f9469191ad2637cf	9174a2aa7c51b79f36b7ca4280072dea431ba3eeb1b67b58d873ba6b49ff0fad
G0-WITNESS-DC88DBF5A2072719	WITNESS_REGISTRY	W-SMALL	W-SMALL	W	W-SMALL	C-FAIL	REQUIRED_OWNING_CANARY	every owning canary repeated through early `Result`, checked capacity failure, partial construction, and each recoverable allocation point	19f02393da541de5fb44b5aec311af516ac8caddf53abbb3af49a92f6c34903d	F-DENSE	NONE	F-DENSE	OWNER_OR_GATE_CLOSES_IMPLICATED_REOPEN	No heap allocation through inline capacity N; insertion at N+1 performs one sound spill; contiguous slice semantics survive; affine pop/remove/drop work; failed spill returns `Failure(error, own T)` as the sole owner and leaves the small sequence unchanged; automatic spill-back is not required. Dependency budget: `K-SCALAR`, `ST-FULL`, `ST-DENSE`, `ST-HOLE`, `OW-INIT`, `OW-MOVEOUT`, `OW-REPLACE`, `OW-RELOCATE`, `OW-DROP`, `EX-NORMAL`, `EX-ABANDON`, `EX-ABORT`, `BR-PROV`, `BR-REBORROW`, `BR-RESULT`, `BR-INVALIDATE`, `FL-CAPACITY`, `FL-ALLOC`, `FL-ATOMIC`, `AB-SEAL`, `AB-GENERIC`, `FT-STATE`, `F-ALLOC`	REQUIRED	Exposes a one-time representation transition and an externally measurable allocation ceiling absent from an ordinary growable sequence contract.	BLOCKS_ASSIGNED_FAMILY_AND_COMPLETE_FLOOR	REQUIRED_IN_LOCK,EXCLUDED_BLOCKS_FAMILY_AND_FLOOR	NOT_APPLICABLE_REOPENING_ONLY	No heap allocation through inline capacity N; insertion at N+1 performs one sound spill; contiguous slice semantics survive; affine pop/remove/drop work; failed spill returns `Failure(error, own T)` as the sole owner and leaves the small sequence unchanged; automatic spill-back is not required. Dependency budget: `K-SCALAR`, `ST-FULL`, `ST-DENSE`, `ST-HOLE`, `OW-INIT`, `OW-MOVEOUT`, `OW-REPLACE`, `OW-RELOCATE`, `OW-DROP`, `EX-NORMAL`, `EX-ABANDON`, `EX-ABORT`, `BR-PROV`, `BR-REBORROW`, `BR-RESULT`, `BR-INVALIDATE`, `FL-CAPACITY`, `FL-ALLOC`, `FL-ATOMIC`, `AB-SEAL`, `AB-GENERIC`, `FT-STATE`, `F-ALLOC`	W-SMALL	WITNESS-REGISTRY.md:section-3:line-101	168e48377d490947ee3f4405dd2c4a30389563914cc545c9971b6b47883903a4	168e48377d490947ee3f4405dd2c4a30389563914cc545c9971b6b47883903a4	9174a2aa7c51b79f36b7ca4280072dea431ba3eeb1b67b58d873ba6b49ff0fad
G0-WITNESS-A014DA9ACE2CF46A	WITNESS_REGISTRY	W-RECUR	W-RECUR	W	W-RECUR	C-FAIL	REQUIRED_OWNING_CANARY	every owning canary repeated through early `Result`, checked capacity failure, partial construction, and each recoverable allocation point	19f02393da541de5fb44b5aec311af516ac8caddf53abbb3af49a92f6c34903d	F-RECURSIVE	NONE	F-RECURSIVE	OWNER_OR_GATE_CLOSES_IMPLICATED_REOPEN	Finite layout, failure-atomic unique recursive construction from complete offered field/child owners, node extraction, mutable cursor, and bounded-stack destruction for adversarial depth. Dependency budget: `K-SCALAR`, `BOX-NEW-01`, `OW-MOVEOUT`, `OW-REPLACE`, `OW-DROP`, `EX-NORMAL`, `EX-ABANDON`, `EX-ABORT`, `BR-PROV`, `BR-REBORROW`, `BR-RESULT`, `BR-INVALIDATE`, `BR-CURSOR`, `FL-CAPACITY`, `FL-ALLOC`, `FL-ATOMIC`, `AB-SEAL`, `AB-GENERIC`, `F-ALLOC`	REQUIRED	Tests unique recursive ownership without importing shared ownership or stable raw addresses.	BLOCKS_ASSIGNED_FAMILY_AND_COMPLETE_FLOOR	REQUIRED_IN_LOCK,EXCLUDED_BLOCKS_FAMILY_AND_FLOOR	NOT_APPLICABLE_REOPENING_ONLY	Finite layout, failure-atomic unique recursive construction from complete offered field/child owners, node extraction, mutable cursor, and bounded-stack destruction for adversarial depth. Dependency budget: `K-SCALAR`, `BOX-NEW-01`, `OW-MOVEOUT`, `OW-REPLACE`, `OW-DROP`, `EX-NORMAL`, `EX-ABANDON`, `EX-ABORT`, `BR-PROV`, `BR-REBORROW`, `BR-RESULT`, `BR-INVALIDATE`, `BR-CURSOR`, `FL-CAPACITY`, `FL-ALLOC`, `FL-ATOMIC`, `AB-SEAL`, `AB-GENERIC`, `F-ALLOC`	W-RECUR	WITNESS-REGISTRY.md:section-3:line-102	92879cadcdbf366a8d1cb6d912156e5392b368ceb4a4f727285182234f49e28e	92879cadcdbf366a8d1cb6d912156e5392b368ceb4a4f727285182234f49e28e	9174a2aa7c51b79f36b7ca4280072dea431ba3eeb1b67b58d873ba6b49ff0fad
G0-WITNESS-7DFB3D8F0D3CA21C	WITNESS_REGISTRY	W-GRAPH	W-GRAPH	W	W-GRAPH	C-FAIL	REQUIRED_OWNING_CANARY	every owning canary repeated through early `Result`, checked capacity failure, partial construction, and each recoverable allocation point	19f02393da541de5fb44b5aec311af516ac8caddf53abbb3af49a92f6c34903d	F-IDENTITY	F-DENSE	F-DENSE,F-IDENTITY	OWNER_OR_GATE_CLOSES_IMPLICATED_REOPEN	Frozen CSR has O(V+E) storage and contiguous edge scans. Dynamic form has stable non-reviving node/edge identities, O(1) lookup, O(local degree) node removal including incident edges, unrelated-handle stability, and O(1) known-neighbor handle-based splice/rewire. Dependency budget: `K-SCALAR`, `FAM-DENSE`, `W-POOL`, `ST-DEPENDENT`, `OW-MOVEOUT`, `OW-REPLACE`, `OW-DROP`, `EX-NORMAL`, `EX-ABANDON`, `EX-ABORT`, `BR-PROV`, `BR-REBORROW`, `BR-RESULT`, `BR-DISJOINT`, `BR-INVALIDATE`, `BR-CURSOR`, `FL-CAPACITY`, `FL-ALLOC`, `FL-ATOMIC`, `ID-LOGICAL`, `ID-FRESH`, `ID-POOL`, `FT-STATE`, `FT-IDENTITY`, `AB-SEAL`, `AB-GENERIC`, `IT-SHARED`, `IT-UNIQ`	REQUIRED	A pool alone does not test referential integrity, cascading mutation, or multi-node repair. Handle-based rewiring is the safe analogue under the current pin/intrusive deferral.	BLOCKS_ASSIGNED_FAMILY_AND_COMPLETE_FLOOR	REQUIRED_IN_LOCK,EXCLUDED_BLOCKS_FAMILY_AND_FLOOR	NOT_APPLICABLE_REOPENING_ONLY	Frozen CSR has O(V+E) storage and contiguous edge scans. Dynamic form has stable non-reviving node/edge identities, O(1) lookup, O(local degree) node removal including incident edges, unrelated-handle stability, and O(1) known-neighbor handle-based splice/rewire. Dependency budget: `K-SCALAR`, `FAM-DENSE`, `W-POOL`, `ST-DEPENDENT`, `OW-MOVEOUT`, `OW-REPLACE`, `OW-DROP`, `EX-NORMAL`, `EX-ABANDON`, `EX-ABORT`, `BR-PROV`, `BR-REBORROW`, `BR-RESULT`, `BR-DISJOINT`, `BR-INVALIDATE`, `BR-CURSOR`, `FL-CAPACITY`, `FL-ALLOC`, `FL-ATOMIC`, `ID-LOGICAL`, `ID-FRESH`, `ID-POOL`, `FT-STATE`, `FT-IDENTITY`, `AB-SEAL`, `AB-GENERIC`, `IT-SHARED`, `IT-UNIQ`	W-GRAPH	WITNESS-REGISTRY.md:section-3:line-103	c25fb4aa55f199abbaada56691fd9c65d82eecdcb2a7d0287de03c47b462a3b2	c25fb4aa55f199abbaada56691fd9c65d82eecdcb2a7d0287de03c47b462a3b2	9174a2aa7c51b79f36b7ca4280072dea431ba3eeb1b67b58d873ba6b49ff0fad
G0-WITNESS-CD9980ACE156AF3A	WITNESS_REGISTRY	W-ECS	W-ECS	W	W-ECS	C-FAIL	REQUIRED_OWNING_CANARY	every owning canary repeated through early `Result`, checked capacity failure, partial construction, and each recoverable allocation point	19f02393da541de5fb44b5aec311af516ac8caddf53abbb3af49a92f6c34903d	F-IDENTITY	F-DENSE	F-DENSE,F-IDENTITY	OWNER_OR_GATE_CLOSES_IMPLICATED_REOPEN	Two or three fixed archetypes suffice. Entity identity remains stable while adding/removing a component migrates aligned affine columns; swap-removal repairs the displaced entity's reverse location; column scans remain contiguous; no per-entity allocation; failure duplicates or loses no payload. Dependency budget: `K-SCALAR`, `FAM-DENSE`, `W-POOL`, `ST-DENSE`, `ST-DEPENDENT`, `ST-HOLE`, `OW-INIT`, `OW-MOVEOUT`, `OW-SWAP`, `OW-RELOCATE`, `OW-DROP`, `EX-NORMAL`, `EX-ABANDON`, `EX-ABORT`, `BR-PROV`, `BR-REBORROW`, `BR-RESULT`, `BR-DISJOINT`, `BR-INVALIDATE`, `FL-CAPACITY`, `FL-ALLOC`, `FL-ATOMIC`, `ID-LOGICAL`, `ID-FRESH`, `FT-STATE`, `FT-IDENTITY`, `AB-SEAL`, `AB-GENERIC`, `IT-SHARED`, `IT-UNIQ`	REQUIRED	Existing append-only compiler SoA does not test atomic movement across several aligned buffers plus reverse-index repair.	BLOCKS_ASSIGNED_FAMILY_AND_COMPLETE_FLOOR	REQUIRED_IN_LOCK,EXCLUDED_BLOCKS_FAMILY_AND_FLOOR	NOT_APPLICABLE_REOPENING_ONLY	Two or three fixed archetypes suffice. Entity identity remains stable while adding/removing a component migrates aligned affine columns; swap-removal repairs the displaced entity's reverse location; column scans remain contiguous; no per-entity allocation; failure duplicates or loses no payload. Dependency budget: `K-SCALAR`, `FAM-DENSE`, `W-POOL`, `ST-DENSE`, `ST-DEPENDENT`, `ST-HOLE`, `OW-INIT`, `OW-MOVEOUT`, `OW-SWAP`, `OW-RELOCATE`, `OW-DROP`, `EX-NORMAL`, `EX-ABANDON`, `EX-ABORT`, `BR-PROV`, `BR-REBORROW`, `BR-RESULT`, `BR-DISJOINT`, `BR-INVALIDATE`, `FL-CAPACITY`, `FL-ALLOC`, `FL-ATOMIC`, `ID-LOGICAL`, `ID-FRESH`, `FT-STATE`, `FT-IDENTITY`, `AB-SEAL`, `AB-GENERIC`, `IT-SHARED`, `IT-UNIQ`	W-ECS	WITNESS-REGISTRY.md:section-3:line-104	ce144cc834b9ff9b15c02509c8088686ffba2d6df3f24d299555c1d127c6f283	ce144cc834b9ff9b15c02509c8088686ffba2d6df3f24d299555c1d127c6f283	9174a2aa7c51b79f36b7ca4280072dea431ba3eeb1b67b58d873ba6b49ff0fad
G0-WITNESS-7615F1476BDD8CB3	WITNESS_REGISTRY	W-GAP	W-GAP	W	W-GAP	C-FAIL	REQUIRED_OWNING_CANARY	every owning canary repeated through early `Result`, checked capacity failure, partial construction, and each recoverable allocation point	19f02393da541de5fb44b5aec311af516ac8caddf53abbb3af49a92f6c34903d	F-DENSE	NONE	F-DENSE	OWNER_OR_GATE_CLOSES_IMPLICATED_REOPEN	Logical sequence content is independent of gap position; shared indexed observation returns an owner-tied borrow; insert/delete at the gap are amortized O(1); moving the gap is O(distance); the hole is never readable or droppable as T; growth and recoverable failure preserve the old logical sequence. Use bytes and affine records, not Unicode semantics. Dependency budget: `K-SCALAR`, `ST-DENSE`, `ST-HOLE`, `OW-INIT`, `OW-MOVEOUT`, `OW-RELOCATE`, `OW-DROP`, `EX-NORMAL`, `EX-ABANDON`, `EX-ABORT`, `BR-PROV`, `BR-REBORROW`, `BR-RESULT`, `BR-INVALIDATE`, `FL-CAPACITY`, `FL-ALLOC`, `FL-ATOMIC`, `FT-STATE`, `AB-SEAL`, `AB-GENERIC`, `F-ALLOC`	REQUIRED	Separates a simultaneous initialized prefix and suffix from a one-prefix owner or arbitrary sparse bitmap, and prices direct bulk movement.	BLOCKS_ASSIGNED_FAMILY_AND_COMPLETE_FLOOR	REQUIRED_IN_LOCK,EXCLUDED_BLOCKS_FAMILY_AND_FLOOR	NOT_APPLICABLE_REOPENING_ONLY	Logical sequence content is independent of gap position; shared indexed observation returns an owner-tied borrow; insert/delete at the gap are amortized O(1); moving the gap is O(distance); the hole is never readable or droppable as T; growth and recoverable failure preserve the old logical sequence. Use bytes and affine records, not Unicode semantics. Dependency budget: `K-SCALAR`, `ST-DENSE`, `ST-HOLE`, `OW-INIT`, `OW-MOVEOUT`, `OW-RELOCATE`, `OW-DROP`, `EX-NORMAL`, `EX-ABANDON`, `EX-ABORT`, `BR-PROV`, `BR-REBORROW`, `BR-RESULT`, `BR-INVALIDATE`, `FL-CAPACITY`, `FL-ALLOC`, `FL-ATOMIC`, `FT-STATE`, `AB-SEAL`, `AB-GENERIC`, `F-ALLOC`	W-GAP	WITNESS-REGISTRY.md:section-3:line-105	016156929905830a79fa7ef3801f8dfa2074362abadcedf5c6996e9247d08f76	016156929905830a79fa7ef3801f8dfa2074362abadcedf5c6996e9247d08f76	9174a2aa7c51b79f36b7ca4280072dea431ba3eeb1b67b58d873ba6b49ff0fad
G0-WITNESS-A4CCBFDF478B8A18	WITNESS_REGISTRY	W-PIPE	W-PIPE	W	W-PIPE	C-FAIL	REQUIRED_OWNING_CANARY	every owning canary repeated through early `Result`, checked capacity failure, partial construction, and each recoverable allocation point	19f02393da541de5fb44b5aec311af516ac8caddf53abbb3af49a92f6c34903d	F-ITERATION	F-DENSE	F-DENSE,F-DEQUE,F-SPARSE,F-ORDERED,F-HEAP,F-IDENTITY,F-ITERATION,F-RECURSIVE,F-ARENA,F-TEXT	EACH_IMPLICATED_FAMILY_REBINDS_EXACT_TOPOLOGY	An ordinary external library composes lazy sources, nested stateful transform/select adapters, a two-input adapter, and an early-stop or recoverable-error consumer over shared, unique, and owning affine inputs. Output order, callback order/count, progress, and exhaustion are exact. Every retained callable environment, separate State, and cached or queued Item in this witness is region-free and borrow-free; callbacks may observe call-scoped input borrows but may not retain them. Every early stop, error, and permitted abandonment leaves borrows valid and disposes each consumed and remaining owner exactly once. Every non-lending unique Item is disjoint from all still-live sibling Items. The affine cursor preserves an exact field/branch/epoch provenance map across moves: chain branches and zip fields retain their corresponding sources; shared inputs may use the same owner; the unique-input case uses separate owners and overlapping unique sources are rejected. An already yielded external shared borrow may outlive adapter destruction while its source remains live. Any borrow-bearing callable environment, State, or cached Item is rejected as outside W-PIPE rather than silently authorized. Advisory size hints never authorize unchecked access or uninitialized reads. Dependency budget: `K-SCALAR`, `BR-PROV`, `BR-REBORROW`, `BR-RESULT`, `BR-DISJOINT`, `BR-INVALIDATE`, `BR-CURSOR`, `OW-MOVEOUT`, `OW-DROP`, `EX-NORMAL`, `EX-ABANDON`, `EX-ABORT`, `FL-CALLBACK`, `AB-BEHAVIOR`, `AB-STATEFUL`, `AB-GENERIC`, `IT-SHARED`, `IT-UNIQ`, `IT-OWN`, `IT-COMPOSE`	REQUIRED	Separates reusable traversal composition from one hand-written loop and tests whether xlang can derive a zero-materialization pipeline without copying Rust's trait surface.	BLOCKS_ASSIGNED_FAMILY_AND_COMPLETE_FLOOR	REQUIRED_IN_LOCK,EXCLUDED_BLOCKS_FAMILY_AND_FLOOR	PREDECESSOR_REUSE_AND_LOCAL_REBIND_PROVED,EXCLUDED_BLOCKS_FAMILY_AND_FLOOR	An ordinary external library composes lazy sources, nested stateful transform/select adapters, a two-input adapter, and an early-stop or recoverable-error consumer over shared, unique, and owning affine inputs. Output order, callback order/count, progress, and exhaustion are exact. Every retained callable environment, separate State, and cached or queued Item in this witness is region-free and borrow-free; callbacks may observe call-scoped input borrows but may not retain them. Every early stop, error, and permitted abandonment leaves borrows valid and disposes each consumed and remaining owner exactly once. Every non-lending unique Item is disjoint from all still-live sibling Items. The affine cursor preserves an exact field/branch/epoch provenance map across moves: chain branches and zip fields retain their corresponding sources; shared inputs may use the same owner; the unique-input case uses separate owners and overlapping unique sources are rejected. An already yielded external shared borrow may outlive adapter destruction while its source remains live. Any borrow-bearing callable environment, State, or cached Item is rejected as outside W-PIPE rather than silently authorized. Advisory size hints never authorize unchecked access or uninitialized reads. Dependency budget: `K-SCALAR`, `BR-PROV`, `BR-REBORROW`, `BR-RESULT`, `BR-DISJOINT`, `BR-INVALIDATE`, `BR-CURSOR`, `OW-MOVEOUT`, `OW-DROP`, `EX-NORMAL`, `EX-ABANDON`, `EX-ABORT`, `FL-CALLBACK`, `AB-BEHAVIOR`, `AB-STATEFUL`, `AB-GENERIC`, `IT-SHARED`, `IT-UNIQ`, `IT-OWN`, `IT-COMPOSE`	W-PIPE	WITNESS-REGISTRY.md:section-3:line-106	2b7f2c5597feb8199d5bc229fe2b1f0f4a88be2289a05a7133181709d895169f	2b7f2c5597feb8199d5bc229fe2b1f0f4a88be2289a05a7133181709d895169f	9174a2aa7c51b79f36b7ca4280072dea431ba3eeb1b67b58d873ba6b49ff0fad
G0-WITNESS-67FE2A9275AEB661	WITNESS_REGISTRY	H-FLATSET	H-FLATSET	H	H-FLATSET	C-FAIL	REQUIRED_OWNING_CANARY	every owning canary repeated through early `Result`, checked capacity failure, partial construction, and each recoverable allocation point	19f02393da541de5fb44b5aec311af516ac8caddf53abbb3af49a92f6c34903d	F-DENSE	NONE	F-DENSE	OWNER_OR_GATE_CLOSES_IMPLICATED_REOPEN	### H-FLATSET — direct dense substrate: sorted affine flat set Caller-visible contract: - empty construction creates no `T`; - payloads are arbitrary region-free, borrow-free affine `T`, including drop-bearing record values; - at steady state all live payloads occupy one contiguous initialized prefix in ascending comparator order, with no per-slot occupancy tag, dummy value, hidden `Copy`/`Clone`/`Default`, per-element allocation, or second persistent payload copy; - the behavior parameter is a stateless directly monomorphized `cmp(shared T, shared T) -> Ordering`; its borrows do not escape, and `Equal` defines duplicate equivalence; - the frozen total-order law supports sortedness and uniqueness. A broken law may cause a contained logical error, but comparator results never authorize payload liveness, forge an index fact, lose ownership, or cause an invalid read or drop; - `contains` is O(log n); `get` is O(log n) and returns `None` or an owner-tied shared borrow to the stored equivalent value; - `insert(own T)` returns exactly `Inserted`, `Duplicate(own T)`, or `Failure(error, own T)`. The caller's input binding is dead once insertion begins; each nonsuccess result is the sole returned owner and leaves the set unchanged; - search and every comparator call finish before capacity commitment, relocation, or opening `ST-HOLE`. Every comparison borrow ends before any owner moves, and no comparator or other fallible callback runs while a hole is live; - recoverable capacity or allocation failure occurs before destructive commitment. After commitment, relocation, hole closure, initialization, and length update are infallible or carry an exact rollback proof; - `remove(query)` completes its search before mutation, then returns `None` unchanged or `Some(own T)` and closes the suffix hole without cloning or dropping the removed value; - clear and destruction drop every live payload exactly once and never visit spare or moved-from storage as `T`; and - shared iteration yields every live value once in ascending order by owner-tied borrow. Abandonment leaves the set valid, owns no payload, and needs no repair; structural mutation is rejected while the iterator or a yielded borrow is live. Dependency budget: `K-SCALAR`, `ST-AOS`, `ST-DENSE`, `ST-HOLE`, `OW-INIT`, `OW-MOVEOUT`, `OW-RELOCATE`, `OW-DROP`, `EX-NORMAL`, `EX-ABANDON`, `EX-ABORT`, `BR-PROV`, `BR-REBORROW`, `BR-RESULT`, `BR-INVALIDATE`, `BR-CURSOR`, `FL-CAPACITY`, `FL-ALLOC`, `FL-ATOMIC`, `FL-CALLBACK`, `AB-SEAL`, `AB-BEHAVIOR`, `AB-GENERIC`, `IT-SHARED`, `FT-STATE`, and `F-ALLOC`. The allowlist is exact. `ST-AOS`, `ST-DENSE`, and `ST-HOLE` are required exercised dependencies rather than optional headroom. `FAM-DENSE`, a finished sequence/set/map, `ST-SPARSE`, `OW-CLONE`, `AB-STATEFUL`, `ST-REFINE`, and `FT-REFINE` are forbidden. Growth, insertion, removal, clear, and destruction invalidate applicable live-prefix and result-borrow facts; comparator results never substitute for `ST-DENSE` or `FT-STATE` liveness evidence. The held-out rejects a second linear search, an extra full rebuild outside the separately charged growth transition, comparator calls after commitment, and uncharged payload traffic. Exact comparator counts and constants freeze only in Family Lock A. H-FLATSET is assigned to dense-family closure. It exercises the public dense, AoS, ownership, failure, and traversal capabilities selected by that lock and therefore cannot import a completed `FAM-DENSE` container. Resource envelope: Persistent: O(c) contiguous payload backing plus O(1) metadata, with c=O(1+n_peak). Peak/transient: O(c_peak), plus one separately charged O(c_peak) old/new backing transient during growth and O(1) operation-local state. Allocations: At most O(1 + log(1+n_peak)) committing successful growth acquisitions under the later frozen policy; total attempts add F, successful noncommitting bytes add Z, and there is no per-element allocation. Traffic/code: Lookup and duplicate detection use O(log n) comparisons and zero payload moves. No-grow insertion and removal use O(log n) comparisons plus O(n-position) relocations. Growth relocation is charged separately; iteration, clear, and destruction are one O(n) pass. No second linear search or extra full rebuild is permitted.	REQUIRED	Training-excluded held-out witness; omission blocks its assigned family and the complete floor.	BLOCKS_ASSIGNED_FAMILY_AND_COMPLETE_FLOOR	REQUIRED_IN_LOCK,EXCLUDED_BLOCKS_FAMILY_AND_FLOOR	NOT_APPLICABLE_REOPENING_ONLY	### H-FLATSET — direct dense substrate: sorted affine flat set Caller-visible contract: - empty construction creates no `T`; - payloads are arbitrary region-free, borrow-free affine `T`, including drop-bearing record values; - at steady state all live payloads occupy one contiguous initialized prefix in ascending comparator order, with no per-slot occupancy tag, dummy value, hidden `Copy`/`Clone`/`Default`, per-element allocation, or second persistent payload copy; - the behavior parameter is a stateless directly monomorphized `cmp(shared T, shared T) -> Ordering`; its borrows do not escape, and `Equal` defines duplicate equivalence; - the frozen total-order law supports sortedness and uniqueness. A broken law may cause a contained logical error, but comparator results never authorize payload liveness, forge an index fact, lose ownership, or cause an invalid read or drop; - `contains` is O(log n); `get` is O(log n) and returns `None` or an owner-tied shared borrow to the stored equivalent value; - `insert(own T)` returns exactly `Inserted`, `Duplicate(own T)`, or `Failure(error, own T)`. The caller's input binding is dead once insertion begins; each nonsuccess result is the sole returned owner and leaves the set unchanged; - search and every comparator call finish before capacity commitment, relocation, or opening `ST-HOLE`. Every comparison borrow ends before any owner moves, and no comparator or other fallible callback runs while a hole is live; - recoverable capacity or allocation failure occurs before destructive commitment. After commitment, relocation, hole closure, initialization, and length update are infallible or carry an exact rollback proof; - `remove(query)` completes its search before mutation, then returns `None` unchanged or `Some(own T)` and closes the suffix hole without cloning or dropping the removed value; - clear and destruction drop every live payload exactly once and never visit spare or moved-from storage as `T`; and - shared iteration yields every live value once in ascending order by owner-tied borrow. Abandonment leaves the set valid, owns no payload, and needs no repair; structural mutation is rejected while the iterator or a yielded borrow is live. Dependency budget: `K-SCALAR`, `ST-AOS`, `ST-DENSE`, `ST-HOLE`, `OW-INIT`, `OW-MOVEOUT`, `OW-RELOCATE`, `OW-DROP`, `EX-NORMAL`, `EX-ABANDON`, `EX-ABORT`, `BR-PROV`, `BR-REBORROW`, `BR-RESULT`, `BR-INVALIDATE`, `BR-CURSOR`, `FL-CAPACITY`, `FL-ALLOC`, `FL-ATOMIC`, `FL-CALLBACK`, `AB-SEAL`, `AB-BEHAVIOR`, `AB-GENERIC`, `IT-SHARED`, `FT-STATE`, and `F-ALLOC`. The allowlist is exact. `ST-AOS`, `ST-DENSE`, and `ST-HOLE` are required exercised dependencies rather than optional headroom. `FAM-DENSE`, a finished sequence/set/map, `ST-SPARSE`, `OW-CLONE`, `AB-STATEFUL`, `ST-REFINE`, and `FT-REFINE` are forbidden. Growth, insertion, removal, clear, and destruction invalidate applicable live-prefix and result-borrow facts; comparator results never substitute for `ST-DENSE` or `FT-STATE` liveness evidence. The held-out rejects a second linear search, an extra full rebuild outside the separately charged growth transition, comparator calls after commitment, and uncharged payload traffic. Exact comparator counts and constants freeze only in Family Lock A. H-FLATSET is assigned to dense-family closure. It exercises the public dense, AoS, ownership, failure, and traversal capabilities selected by that lock and therefore cannot import a completed `FAM-DENSE` container. Resource envelope: Persistent: O(c) contiguous payload backing plus O(1) metadata, with c=O(1+n_peak). Peak/transient: O(c_peak), plus one separately charged O(c_peak) old/new backing transient during growth and O(1) operation-local state. Allocations: At most O(1 + log(1+n_peak)) committing successful growth acquisitions under the later frozen policy; total attempts add F, successful noncommitting bytes add Z, and there is no per-element allocation. Traffic/code: Lookup and duplicate detection use O(log n) comparisons and zero payload moves. No-grow insertion and removal use O(log n) comparisons plus O(n-position) relocations. Growth relocation is charged separately; iteration, clear, and destruction are one O(n) pass. No second linear search or extra full rebuild is permitted.	H-FLATSET	WITNESS-REGISTRY.md:section-4:H-FLATSET	656f66f3c46f4cc9c16a24d743c064f40e88e9f101f26461ec9a3103dec947b0	656f66f3c46f4cc9c16a24d743c064f40e88e9f101f26461ec9a3103dec947b0	9174a2aa7c51b79f36b7ca4280072dea431ba3eeb1b67b58d873ba6b49ff0fad
G0-WITNESS-B303771C03111745	WITNESS_REGISTRY	H-STORE	H-STORE	H	H-STORE	C-FAIL	REQUIRED_OWNING_CANARY	every owning canary repeated through early `Result`, checked capacity failure, partial construction, and each recoverable allocation point	19f02393da541de5fb44b5aec311af516ac8caddf53abbb3af49a92f6c34903d	F-SPARSE	F-DENSE	F-SPARSE	OWNER_OR_GATE_CLOSES_IMPLICATED_REOPEN	### H-STORE — direct storage substrate: bounded-key sparse set Caller-visible contract: - creation fixes a key universe `[0, U)` but constructs no payload value; - `insert(key, own T)` admits at most one live payload per key and returns exactly `Inserted`, `Duplicate(own T)`, or `Failure(error, own T)`. The caller's input binding is dead once the call begins; either nonsuccess result is the sole returned owner and leaves the set unchanged; - for a key outside `[0, U)`, insert returns `Failure(OutOfUniverse, own T)` unchanged, `contains` is false, and `get` and `remove` return `None` unchanged; - `contains` and shared `get` are O(1); the returned borrow is tied to the set owner and blocks incompatible mutation. `remove` is O(1) and returns exactly `None` unchanged or `Some(own T)` containing the sole removed owner; - shared live iteration is O(n), visits each current key/value exactly once by owner-tied borrow, and makes no stable-order promise across removal; - there is no per-element heap allocation; - payload storage is O(capacity), key-position metadata is O(U), and operation traces freeze both terms separately; and - removal, swap-repair, clear, destruction, and every failure path preserve the key-to-position/value relation and exact drop. Allowed dependencies: `K-SCALAR`, `ST-FULL`, `ST-DENSE`, `ST-SPARSE`, `ST-DEPENDENT`, `ST-HOLE`, `OW-INIT`, `OW-MOVEOUT`, `OW-REPLACE`, `OW-SWAP`, `OW-RELOCATE`, `OW-DROP`, `EX-NORMAL`, `EX-ABANDON`, `EX-ABORT`, `BR-PROV`, `BR-REBORROW`, `BR-RESULT`, `BR-DISJOINT`, `BR-INVALIDATE`, `BR-CURSOR`, `FL-CAPACITY`, `FL-ALLOC`, `FL-ATOMIC`, `AB-SEAL`, `AB-GENERIC`, `IT-SHARED`, `FT-STATE`, and `F-ALLOC`. Anti-privilege rejection criteria: The allowlist above is exhaustive; every unlisted dependency is rejected mechanically. The following examples are additional review canaries, not a second negated dependency budget: - any finished growable sequence, map, set, pool, slab, small-sequence, or ECS library; - a container-specific intrinsic, compiler opcode, recognizable source-name rule, or sealed-standard-library raw payload access; and - shared ownership, pinning, concurrency, custom allocators, or unsafe FFI. H-STORE therefore tests public checked storage transitions directly. `F-ALLOC` permits only its reviewed public checked allocation facade. It grants no raw bytes, manual liveness authority, unchecked capacity change, allocator-identity forgery, or manual deallocation, and H-STORE cannot rebuild or expose the frame. `ST-SPARSE` is a required exercised dependency of H-STORE, not optional allowlist headroom. A dense payload prefix plus fully initialized O(U) position metadata is admissible, but it closes this witness only by establishing the same public checked arbitrary-occupancy relation available to an unrelated ordinary library. For owner/version v and an in-universe key k, a payload read or drop requires the lock-equivalent proof that `p = position[k]`, `p < len`, `dense_key[p] == k`, and `valid_T(dense_value[p])`. Get, iteration, and drop consume that proof; insert, remove, swap-repair, clear, and destruction atomically establish, preserve, invalidate, or discharge it. This permits the classic dense/sparse-array representation and does not require a bitmap or per-slot tag. `ST-FULL` plus `ST-DENSE` plus `ST-DEPENDENT`, a private H-STORE sentinel/fact, a recognizable source name, or a finished pool/map/set does not substitute for the public `ST-SPARSE` contract. `FAM-DENSE` remains outside the held-out budget. H-STORE is assigned to sparse-family closure after the dense family closes. That predecessor makes adopted public dense capabilities available but does not permit H-STORE to import `FAM-DENSE` or a finished sequence. H-STORE still tests public sparse occupancy directly. Resource envelope: Persistent: Exhaustive persistent bound O(c+U): O(c) payload/key-position storage plus O(U) direct metadata, with c=O(n_peak). Peak/transient: O(c_peak+U) plus O(1) operation-local state, except O(c_peak) only during a separately charged backing growth transition. Allocations: At most O(1) committing successful metadata backing acquisitions with a lock-frozen constant independent of U, plus O(1 + log(1 + c_peak)) committing successful payload growth acquisitions. Total attempts add F; there is no per-element allocation. Traffic/code: Insert/remove/lookup touch O(1) positions; live iteration is one O(n) pass; swap-repair moves O(1) payloads.	REQUIRED	Training-excluded held-out witness; omission blocks its assigned family and the complete floor.	BLOCKS_ASSIGNED_FAMILY_AND_COMPLETE_FLOOR	REQUIRED_IN_LOCK,EXCLUDED_BLOCKS_FAMILY_AND_FLOOR	NOT_APPLICABLE_REOPENING_ONLY	### H-STORE — direct storage substrate: bounded-key sparse set Caller-visible contract: - creation fixes a key universe `[0, U)` but constructs no payload value; - `insert(key, own T)` admits at most one live payload per key and returns exactly `Inserted`, `Duplicate(own T)`, or `Failure(error, own T)`. The caller's input binding is dead once the call begins; either nonsuccess result is the sole returned owner and leaves the set unchanged; - for a key outside `[0, U)`, insert returns `Failure(OutOfUniverse, own T)` unchanged, `contains` is false, and `get` and `remove` return `None` unchanged; - `contains` and shared `get` are O(1); the returned borrow is tied to the set owner and blocks incompatible mutation. `remove` is O(1) and returns exactly `None` unchanged or `Some(own T)` containing the sole removed owner; - shared live iteration is O(n), visits each current key/value exactly once by owner-tied borrow, and makes no stable-order promise across removal; - there is no per-element heap allocation; - payload storage is O(capacity), key-position metadata is O(U), and operation traces freeze both terms separately; and - removal, swap-repair, clear, destruction, and every failure path preserve the key-to-position/value relation and exact drop. Allowed dependencies: `K-SCALAR`, `ST-FULL`, `ST-DENSE`, `ST-SPARSE`, `ST-DEPENDENT`, `ST-HOLE`, `OW-INIT`, `OW-MOVEOUT`, `OW-REPLACE`, `OW-SWAP`, `OW-RELOCATE`, `OW-DROP`, `EX-NORMAL`, `EX-ABANDON`, `EX-ABORT`, `BR-PROV`, `BR-REBORROW`, `BR-RESULT`, `BR-DISJOINT`, `BR-INVALIDATE`, `BR-CURSOR`, `FL-CAPACITY`, `FL-ALLOC`, `FL-ATOMIC`, `AB-SEAL`, `AB-GENERIC`, `IT-SHARED`, `FT-STATE`, and `F-ALLOC`. Anti-privilege rejection criteria: The allowlist above is exhaustive; every unlisted dependency is rejected mechanically. The following examples are additional review canaries, not a second negated dependency budget: - any finished growable sequence, map, set, pool, slab, small-sequence, or ECS library; - a container-specific intrinsic, compiler opcode, recognizable source-name rule, or sealed-standard-library raw payload access; and - shared ownership, pinning, concurrency, custom allocators, or unsafe FFI. H-STORE therefore tests public checked storage transitions directly. `F-ALLOC` permits only its reviewed public checked allocation facade. It grants no raw bytes, manual liveness authority, unchecked capacity change, allocator-identity forgery, or manual deallocation, and H-STORE cannot rebuild or expose the frame. `ST-SPARSE` is a required exercised dependency of H-STORE, not optional allowlist headroom. A dense payload prefix plus fully initialized O(U) position metadata is admissible, but it closes this witness only by establishing the same public checked arbitrary-occupancy relation available to an unrelated ordinary library. For owner/version v and an in-universe key k, a payload read or drop requires the lock-equivalent proof that `p = position[k]`, `p < len`, `dense_key[p] == k`, and `valid_T(dense_value[p])`. Get, iteration, and drop consume that proof; insert, remove, swap-repair, clear, and destruction atomically establish, preserve, invalidate, or discharge it. This permits the classic dense/sparse-array representation and does not require a bitmap or per-slot tag. `ST-FULL` plus `ST-DENSE` plus `ST-DEPENDENT`, a private H-STORE sentinel/fact, a recognizable source name, or a finished pool/map/set does not substitute for the public `ST-SPARSE` contract. `FAM-DENSE` remains outside the held-out budget. H-STORE is assigned to sparse-family closure after the dense family closes. That predecessor makes adopted public dense capabilities available but does not permit H-STORE to import `FAM-DENSE` or a finished sequence. H-STORE still tests public sparse occupancy directly. Resource envelope: Persistent: Exhaustive persistent bound O(c+U): O(c) payload/key-position storage plus O(U) direct metadata, with c=O(n_peak). Peak/transient: O(c_peak+U) plus O(1) operation-local state, except O(c_peak) only during a separately charged backing growth transition. Allocations: At most O(1) committing successful metadata backing acquisitions with a lock-frozen constant independent of U, plus O(1 + log(1 + c_peak)) committing successful payload growth acquisitions. Total attempts add F; there is no per-element allocation. Traffic/code: Insert/remove/lookup touch O(1) positions; live iteration is one O(n) pass; swap-repair moves O(1) payloads.	H-STORE	WITNESS-REGISTRY.md:section-4:H-STORE	8e1ca231d25f942387def6e9b1f6c39a36168c6059d1a428a3d2d22bc013c6eb	8e1ca231d25f942387def6e9b1f6c39a36168c6059d1a428a3d2d22bc013c6eb	9174a2aa7c51b79f36b7ca4280072dea431ba3eeb1b67b58d873ba6b49ff0fad
G0-WITNESS-C97289655FB77F9D	WITNESS_REGISTRY	H-LRU	H-LRU	H	H-LRU	C-FAIL	REQUIRED_OWNING_CANARY	every owning canary repeated through early `Result`, checked capacity failure, partial construction, and each recoverable allocation point	19f02393da541de5fb44b5aec311af516ac8caddf53abbb3af49a92f6c34903d	F-IDENTITY	F-SPARSE	F-SPARSE,F-IDENTITY	OWNER_OR_GATE_CLOSES_IMPLICATED_REOPEN	### H-LRU — composition under two-way coherence Caller-visible contract: - construction takes a fixed positive capacity, preallocates the complete steady-state backing budget, and either returns an empty cache or a recoverable allocation/capacity error with no live partial cache; - lookup takes unique cache access; success promotes exactly that key to most- recently used, then returns a shared result-reborrow tied to the cache owner. The result blocks subsequent incompatible mutation until it ends; - missing lookup returns `None` and leaves order unchanged; - insertion of a new key below capacity consumes the offered key/value and returns `Inserted`; - insertion of an equivalent existing key atomically replaces both stored key and value, promotes the entry, consumes the offered pair, and returns `Replaced(old_key, old_value)` with both old owners; - insertion of a new key at capacity consumes the offered pair, reuses preallocated storage, promotes the new entry, and returns `Evicted(old_key, old_value)` for exactly the least-recently-used pair; - removal returns `Some(owned_key, owned_value)` or `None` without mutation; - no successful steady-state lookup/insert/update/remove performs a backing allocation; any recoverable pre-commit failure returns every offered affine owner and leaves membership, order, and payloads unchanged; - expected O(1) get/insert/remove under the frozen hash/adversary assumptions; - no per-operation scan of all entries; and - hash membership, stable identity, linked order, payload ownership, and failure behavior remain coherent. Hash/equality traps follow EFF-4: no recoverable post-state is promised, but no invalid access occurs before abort. Dependency budget: `K-SCALAR`, `FAM-UMAP`, `W-POOL`, `BR-PROV`, `BR-REBORROW`, `BR-RESULT`, `BR-INVALIDATE`, `OW-MOVEOUT`, `OW-REPLACE`, `OW-DROP`, `EX-NORMAL`, `EX-ABANDON`, `EX-ABORT`, `FL-CAPACITY`, `FL-ALLOC`, `FL-ATOMIC`, `FL-CALLBACK`, `AB-BEHAVIOR`, `AB-SEAL`, and `AB-GENERIC`. Only the frozen public APIs of `FAM-UMAP` and `W-POOL` are importable. H-LRU may not receive new raw storage privilege or a compiler-recognized LRU path. It is a composition witness and cannot substitute for H-STORE. Resource envelope: Persistent: O(C + M) = O(C) exhaustive backing memory for fixed positive capacity C, including hash, pool identity/history, links, keys, and values; every satisfying route must prove M = O(C). Peak/transient: O(C + M) after construction plus O(1) operation-local state; no second cache-sized transient in steady state. Allocations: At most O(1) committing successful preallocation backing acquisitions through imported FAM-UMAP and W-POOL contracts, with a lock-frozen constant independent of C; all allocation calls made by failed construction attempts are included in F. Successful steady-state operations allocate nothing, and there is no per-entry allocation. Traffic/code: Expected O(1) operations touch O(1) hash/link/pool records; no scan or payload clone.	REQUIRED	Training-excluded held-out witness; omission blocks its assigned family and the complete floor.	BLOCKS_ASSIGNED_FAMILY_AND_COMPLETE_FLOOR	REQUIRED_IN_LOCK,EXCLUDED_BLOCKS_FAMILY_AND_FLOOR	NOT_APPLICABLE_REOPENING_ONLY	### H-LRU — composition under two-way coherence Caller-visible contract: - construction takes a fixed positive capacity, preallocates the complete steady-state backing budget, and either returns an empty cache or a recoverable allocation/capacity error with no live partial cache; - lookup takes unique cache access; success promotes exactly that key to most- recently used, then returns a shared result-reborrow tied to the cache owner. The result blocks subsequent incompatible mutation until it ends; - missing lookup returns `None` and leaves order unchanged; - insertion of a new key below capacity consumes the offered key/value and returns `Inserted`; - insertion of an equivalent existing key atomically replaces both stored key and value, promotes the entry, consumes the offered pair, and returns `Replaced(old_key, old_value)` with both old owners; - insertion of a new key at capacity consumes the offered pair, reuses preallocated storage, promotes the new entry, and returns `Evicted(old_key, old_value)` for exactly the least-recently-used pair; - removal returns `Some(owned_key, owned_value)` or `None` without mutation; - no successful steady-state lookup/insert/update/remove performs a backing allocation; any recoverable pre-commit failure returns every offered affine owner and leaves membership, order, and payloads unchanged; - expected O(1) get/insert/remove under the frozen hash/adversary assumptions; - no per-operation scan of all entries; and - hash membership, stable identity, linked order, payload ownership, and failure behavior remain coherent. Hash/equality traps follow EFF-4: no recoverable post-state is promised, but no invalid access occurs before abort. Dependency budget: `K-SCALAR`, `FAM-UMAP`, `W-POOL`, `BR-PROV`, `BR-REBORROW`, `BR-RESULT`, `BR-INVALIDATE`, `OW-MOVEOUT`, `OW-REPLACE`, `OW-DROP`, `EX-NORMAL`, `EX-ABANDON`, `EX-ABORT`, `FL-CAPACITY`, `FL-ALLOC`, `FL-ATOMIC`, `FL-CALLBACK`, `AB-BEHAVIOR`, `AB-SEAL`, and `AB-GENERIC`. Only the frozen public APIs of `FAM-UMAP` and `W-POOL` are importable. H-LRU may not receive new raw storage privilege or a compiler-recognized LRU path. It is a composition witness and cannot substitute for H-STORE. Resource envelope: Persistent: O(C + M) = O(C) exhaustive backing memory for fixed positive capacity C, including hash, pool identity/history, links, keys, and values; every satisfying route must prove M = O(C). Peak/transient: O(C + M) after construction plus O(1) operation-local state; no second cache-sized transient in steady state. Allocations: At most O(1) committing successful preallocation backing acquisitions through imported FAM-UMAP and W-POOL contracts, with a lock-frozen constant independent of C; all allocation calls made by failed construction attempts are included in F. Successful steady-state operations allocate nothing, and there is no per-entry allocation. Traffic/code: Expected O(1) operations touch O(1) hash/link/pool records; no scan or payload clone.	H-LRU	WITNESS-REGISTRY.md:section-4:H-LRU	0f8957acfcebc17b8942795656229173f96204562897438655d18dc262ad4394	0f8957acfcebc17b8942795656229173f96204562897438655d18dc262ad4394	9174a2aa7c51b79f36b7ca4280072dea431ba3eeb1b67b58d873ba6b49ff0fad
G0-WITNESS-29ABDC9872AD5863	WITNESS_REGISTRY	H-IPQ	H-IPQ	H	H-IPQ	C-FAIL	REQUIRED_OWNING_CANARY	every owning canary repeated through early `Result`, checked capacity failure, partial construction, and each recoverable allocation point	19f02393da541de5fb44b5aec311af516ac8caddf53abbb3af49a92f6c34903d	F-HEAP	F-DENSE,F-SPARSE	F-DENSE,F-SPARSE,F-HEAP	OWNER_OR_GATE_CLOSES_IMPLICATED_REOPEN	### H-IPQ — composition under heap/reverse-index coherence Caller-visible contract: - keyed items are unique; - peek is O(1) and returns `None` or a pair of coexisting shared key/priority borrows tied to the queue; - successful push consumes the offered owned key/priority pair; a duplicate returns `Duplicate(owned_key, owned_priority)` with the queue unchanged, and a recoverable capacity/allocation failure returns `Failure(error, owned_key, owned_priority)` with the queue unchanged; - pop returns `None` or the owned minimum/maximum key/priority pair selected by the frozen order direction; - keyed removal returns `None` or the owned matching key/priority pair; - priority change returns `Missing(owned_new_priority)` without mutation, or consumes the new priority and returns `Changed(owned_old_priority)` while retaining the stored key owner; - push, pop, keyed removal, and priority change are O(log n); - every heap exchange atomically repairs the keyed reverse position; - ownership and failure behavior are exact for affine item/priority payloads; - comparison/hash/equality traps follow EFF-4 and perform no invalid access before abort; recoverable allocation failure occurs before destructive commit; and - no operation repairs coherence by an O(n) search. Dependency budget: `K-SCALAR`, `FAM-UMAP`, `FAM-DENSE`, `BR-PROV`, `BR-REBORROW`, `BR-RESULT`, `BR-DISJOINT`, `BR-INVALIDATE`, `OW-INIT`, `OW-MOVEOUT`, `OW-REPLACE`, `OW-SWAP`, `OW-DROP`, `EX-NORMAL`, `EX-ABANDON`, `EX-ABORT`, `FL-CAPACITY`, `FL-ALLOC`, `FL-ATOMIC`, `FL-CALLBACK`, `AB-BEHAVIOR`, `AB-SEAL`, and `AB-GENERIC`. Only the frozen public APIs of `FAM-UMAP` and `FAM-DENSE` are importable; the held-out itself implements heap order and reverse-index repair through those APIs. H-IPQ receives no finished heap, bespoke compiler path, or exchange hook and cannot substitute for H-STORE. Resource envelope: Persistent: O(c) exhaustive heap, key, priority, and reverse-map backing memory with c=O(n_peak). Peak/transient: O(c_peak), including O(c_peak) only during charged growth, plus O(1) operation-local state. Allocations: At most O(1 + log(1 + n_peak)) committing successful growth acquisitions per dense/map backing family; total attempts add F, and there is no per-item allocation. Traffic/code: Peek O(1); modifying operations exchange and repair O(log n) positions, with no O(n) coherence repair or duplicate payload.	REQUIRED	Training-excluded held-out witness; omission blocks its assigned family and the complete floor.	BLOCKS_ASSIGNED_FAMILY_AND_COMPLETE_FLOOR	REQUIRED_IN_LOCK,EXCLUDED_BLOCKS_FAMILY_AND_FLOOR	NOT_APPLICABLE_REOPENING_ONLY	### H-IPQ — composition under heap/reverse-index coherence Caller-visible contract: - keyed items are unique; - peek is O(1) and returns `None` or a pair of coexisting shared key/priority borrows tied to the queue; - successful push consumes the offered owned key/priority pair; a duplicate returns `Duplicate(owned_key, owned_priority)` with the queue unchanged, and a recoverable capacity/allocation failure returns `Failure(error, owned_key, owned_priority)` with the queue unchanged; - pop returns `None` or the owned minimum/maximum key/priority pair selected by the frozen order direction; - keyed removal returns `None` or the owned matching key/priority pair; - priority change returns `Missing(owned_new_priority)` without mutation, or consumes the new priority and returns `Changed(owned_old_priority)` while retaining the stored key owner; - push, pop, keyed removal, and priority change are O(log n); - every heap exchange atomically repairs the keyed reverse position; - ownership and failure behavior are exact for affine item/priority payloads; - comparison/hash/equality traps follow EFF-4 and perform no invalid access before abort; recoverable allocation failure occurs before destructive commit; and - no operation repairs coherence by an O(n) search. Dependency budget: `K-SCALAR`, `FAM-UMAP`, `FAM-DENSE`, `BR-PROV`, `BR-REBORROW`, `BR-RESULT`, `BR-DISJOINT`, `BR-INVALIDATE`, `OW-INIT`, `OW-MOVEOUT`, `OW-REPLACE`, `OW-SWAP`, `OW-DROP`, `EX-NORMAL`, `EX-ABANDON`, `EX-ABORT`, `FL-CAPACITY`, `FL-ALLOC`, `FL-ATOMIC`, `FL-CALLBACK`, `AB-BEHAVIOR`, `AB-SEAL`, and `AB-GENERIC`. Only the frozen public APIs of `FAM-UMAP` and `FAM-DENSE` are importable; the held-out itself implements heap order and reverse-index repair through those APIs. H-IPQ receives no finished heap, bespoke compiler path, or exchange hook and cannot substitute for H-STORE. Resource envelope: Persistent: O(c) exhaustive heap, key, priority, and reverse-map backing memory with c=O(n_peak). Peak/transient: O(c_peak), including O(c_peak) only during charged growth, plus O(1) operation-local state. Allocations: At most O(1 + log(1 + n_peak)) committing successful growth acquisitions per dense/map backing family; total attempts add F, and there is no per-item allocation. Traffic/code: Peek O(1); modifying operations exchange and repair O(log n) positions, with no O(n) coherence repair or duplicate payload.	H-IPQ	WITNESS-REGISTRY.md:section-4:H-IPQ	6349448a2ae4b82077735e023ac8aab7396dbb120be8c68a6d9ccdb1337e2a94	6349448a2ae4b82077735e023ac8aab7396dbb120be8c68a6d9ccdb1337e2a94	9174a2aa7c51b79f36b7ca4280072dea431ba3eeb1b67b58d873ba6b49ff0fad
G0-WITNESS-91B767FECBE6BFC6	WITNESS_REGISTRY	O-SLAB	O-SLAB	O	O-SLAB	C-FAIL	REQUIRED_OWNING_CANARY	every owning canary repeated through early `Result`, checked capacity failure, partial construction, and each recoverable allocation point	19f02393da541de5fb44b5aec311af516ac8caddf53abbb3af49a92f6c34903d	F-IDENTITY	NONE	F-IDENTITY	OPTIONAL_PROMOTION_ONLY_IMPLICATED_REOPEN	a bare reusable integer-key slab is a weaker performance/control contract. Its stale-key alias risk must be explicit. It cannot discharge W-POOL.	OPTIONAL	Optional unless promoted or required by a mandatory contract.	BLOCKS_ONLY_IF_PROMOTED_OR_REQUIRED_BY_A_MANDATORY_CONTRACT	REQUIRED_IN_LOCK,EXCLUDED_BLOCKS_FAMILY_AND_FLOOR,OPTIONAL_NOT_PROMOTED	NOT_APPLICABLE_REOPENING_ONLY	a bare reusable integer-key slab is a weaker performance/control contract. Its stale-key alias risk must be explicit. It cannot discharge W-POOL.	O-SLAB	WITNESS-REGISTRY.md:section-3.3:O-SLAB	cd55f973dea0818d58a3fcbc9c22d4856ecb9d7c9303ea3b9cdb89ce1f924172	cd55f973dea0818d58a3fcbc9c22d4856ecb9d7c9303ea3b9cdb89ce1f924172	9174a2aa7c51b79f36b7ca4280072dea431ba3eeb1b67b58d873ba6b49ff0fad
G0-WITNESS-18F76731E67F32AB	WITNESS_REGISTRY	O-ROPE-UNIQUE	O-ROPE-UNIQUE	O	O-ROPE-UNIQUE	C-FAIL	REQUIRED_OWNING_CANARY	every owning canary repeated through early `Result`, checked capacity failure, partial construction, and each recoverable allocation point	19f02393da541de5fb44b5aec311af516ac8caddf53abbb3af49a92f6c34903d	GATE-ROPE-POST-DENSE-ORDERED	F-DENSE,F-ORDERED	F-DENSE,F-ORDERED	OPTIONAL_PROMOTION_ONLY_IMPLICATED_REOPEN	a uniquely owned rope may be admitted later as composition over growable chunks and ordered recursive nodes. O(1) clone or persistent snapshots depend on the shared-ownership deferral and are not implied.	OPTIONAL	Optional unless promoted or required by a mandatory contract.	BLOCKS_ONLY_IF_PROMOTED_OR_REQUIRED_BY_A_MANDATORY_CONTRACT	REQUIRED_IN_LOCK,EXCLUDED_BLOCKS_FAMILY_AND_FLOOR,OPTIONAL_NOT_PROMOTED	NOT_APPLICABLE_REOPENING_ONLY	a uniquely owned rope may be admitted later as composition over growable chunks and ordered recursive nodes. O(1) clone or persistent snapshots depend on the shared-ownership deferral and are not implied.	O-ROPE-UNIQUE	WITNESS-REGISTRY.md:section-3.3:O-ROPE-UNIQUE	292eda38d8d5c17d321b4dde9b86b0f330a5f9589a031a4a8e3d8ea0d491fcca	292eda38d8d5c17d321b4dde9b86b0f330a5f9589a031a4a8e3d8ea0d491fcca	9174a2aa7c51b79f36b7ca4280072dea431ba3eeb1b67b58d873ba6b49ff0fad
G0-WITNESS-3BD4A97E62FD6D6F	WITNESS_REGISTRY	O-INTRUSIVE	O-INTRUSIVE	O	O-INTRUSIVE	C-FAIL	REQUIRED_OWNING_CANARY	every owning canary repeated through early `Result`, checked capacity failure, partial construction, and each recoverable allocation point	19f02393da541de5fb44b5aec311af516ac8caddf53abbb3af49a92f6c34903d	F-PIN-ADDRESS	NONE	F-IDENTITY,F-PIN-ADDRESS	OPTIONAL_PROMOTION_ONLY_IMPLICATED_REOPEN	true pointer-intrusive, self-referential, or multiple-membership structures remain scoped to the pin/address family. W-GRAPH's handle-based known-neighbor rewiring is required now; it does not claim address pinning.	OPTIONAL	Optional unless promoted or required by a mandatory contract.	BLOCKS_ONLY_IF_PROMOTED_OR_REQUIRED_BY_A_MANDATORY_CONTRACT	REQUIRED_IN_LOCK,EXCLUDED_BLOCKS_FAMILY_AND_FLOOR,OPTIONAL_NOT_PROMOTED	NOT_APPLICABLE_REOPENING_ONLY	true pointer-intrusive, self-referential, or multiple-membership structures remain scoped to the pin/address family. W-GRAPH's handle-based known-neighbor rewiring is required now; it does not claim address pinning.	O-INTRUSIVE	WITNESS-REGISTRY.md:section-3.3:O-INTRUSIVE	4927538c1464f55c359849a3ada7956ac414aa79e704c671bcbc1539b992eaf8	4927538c1464f55c359849a3ada7956ac414aa79e704c671bcbc1539b992eaf8	9174a2aa7c51b79f36b7ca4280072dea431ba3eeb1b67b58d873ba6b49ff0fad
G0-WITNESS-44D5EF1667A54B03	WITNESS_REGISTRY	O-LAZY-DRAIN	O-LAZY-DRAIN	O	O-LAZY-DRAIN	C-FAIL	REQUIRED_OWNING_CANARY	every owning canary repeated through early `Result`, checked capacity failure, partial construction, and each recoverable allocation point	19f02393da541de5fb44b5aec311af516ac8caddf53abbb3af49a92f6c34903d	F-DENSE	NONE	F-DENSE	OPTIONAL_PROMOTION_ONLY_IMPLICATED_REOPEN	the lazy partially consumed form remains optional unless a family promotes it. Eager drain/compaction remains mandatory. The lazy form cannot inherit correctness from Rust's `Drop` guards without an xlang exit proof.	OPTIONAL	Optional unless promoted or required by a mandatory contract.	BLOCKS_ONLY_IF_PROMOTED_OR_REQUIRED_BY_A_MANDATORY_CONTRACT	REQUIRED_IN_LOCK,EXCLUDED_BLOCKS_FAMILY_AND_FLOOR,OPTIONAL_NOT_PROMOTED	NOT_APPLICABLE_REOPENING_ONLY	the lazy partially consumed form remains optional unless a family promotes it. Eager drain/compaction remains mandatory. The lazy form cannot inherit correctness from Rust's `Drop` guards without an xlang exit proof.	O-LAZY-DRAIN	WITNESS-REGISTRY.md:section-3.3:O-LAZY-DRAIN	0d108b9b4c2efeb8662fe5d115b6d33b5281621fa5ccedb86eeadb78175ac5a3	0d108b9b4c2efeb8662fe5d115b6d33b5281621fa5ccedb86eeadb78175ac5a3	9174a2aa7c51b79f36b7ca4280072dea431ba3eeb1b67b58d873ba6b49ff0fad
