operation_gate_id	member_contract_id	policy_variant_id	profile_id	representative_contract_ids	representative_contract_set_sha256	rust_reference_route_id	rust_floor_upper_ratio	required_shape_ids	required_native_target_ids	primary_cell_ids	primary_cell_set_sha256	derivation_reason	status
OPG-014ED10E5E5BA661D0DC	DENSE-INIT-CLONE	COMMON-NON-OD1	INIT_BEHAVIOR	DENSE-INIT-CLONE::INIT-WRITE-01::COMMON-NON-OD1::SUCCESS	e4c93087fbe0e11e8bdb35218f9d5f20cf8d4e99ce302a54b5ea7bb013f5661e	REF-RUST-VEC	1.02	BASE	TARGET-AARCH64-DARWIN,TARGET-X86_64-LINUX	DPERF-894586E08CC6C0FE5663,DPERF-BCAC22CC08A1F0BA6C23	e2ffafe09ffd17746f28a22f96a710a340eaae41e8dbfeaa985a21473a33689b	Every exact normal representative of DENSE-INIT-CLONE under COMMON-NON-OD1 has an independent same-shape upper-ratio gate on each selected native target. No other operation or workload can mask a failure.	FROZEN_PROTOCOL
OPG-02181E45BD75AEE7AB21	DENSE-VIEW-GET-SHARED	COMMON-NON-OD1	OPTION_BORROW	DENSE-VIEW-GET-SHARED::VIEW-GET-01::COMMON-NON-OD1::ABSENT,DENSE-VIEW-GET-SHARED::VIEW-GET-01::COMMON-NON-OD1::PRESENT	f0cdab3b427107a1737fb02b641bc8c4d83457cbceda07c6ff97812f2b562bc2	REF-RUST-VEC	1.02	BASE	TARGET-AARCH64-DARWIN,TARGET-X86_64-LINUX	DPERF-34DF5D93BB7A08F74D3E,DPERF-3BDDCDD8E63EEA623B4E,DPERF-81242BB37DD5C38405B5,DPERF-8FDAA0C2670D522795C8	dd23e5a40767803849b235f4a5e0800eb8206a291e7dd1d79228f59fcbc27515	Every exact normal representative of DENSE-VIEW-GET-SHARED under COMMON-NON-OD1 has an independent same-shape upper-ratio gate on each selected native target. No other operation or workload can mask a failure.	FROZEN_PROTOCOL
OPG-051084F0BF954A0B2960	DENSE-RETAIN-MUT	COMMON-NON-OD1	BEHAVIOR	DENSE-RETAIN-MUT::SEQ-RETAIN-01::COMMON-NON-OD1::SUCCESS	fd4fad5df21500ac9b58f295c4e66f48212b367f079cbb6f7268d962a77f04b7	REF-RUST-VEC	1.02	RETAIN-10,RETAIN-50,RETAIN-90	TARGET-AARCH64-DARWIN,TARGET-X86_64-LINUX	DPERF-07FD93DA7D407522A447,DPERF-0D3485ACE69F9A0B5C72,DPERF-3E80EDAA6F96B1A6B24F,DPERF-77B062E70B01DD7E75FF,DPERF-781AB22C760354B4CDB5,DPERF-F60778F8017D99E51121	053416e72dcf0a56e73420aaba8c2026f4aa65b53f931d6ca6ae0040b5ebb845	Every exact normal representative of DENSE-RETAIN-MUT under COMMON-NON-OD1 has an independent same-shape upper-ratio gate on each selected native target. No other operation or workload can mask a failure.	FROZEN_PROTOCOL
OPG-05528DC14E76B4534AAE	DENSE-CLEAR	COMMON-NON-OD1	CLEAR	DENSE-CLEAR::SEQ-TRUNCATE-01::COMMON-NON-OD1::ALL_VALUES_DESTROYED	1e42b3a3bc4575c4de1312ccd01c5d94e0c741dc7febd533666dc39d9eea1623	REF-RUST-VEC	1.02	BASE	TARGET-AARCH64-DARWIN,TARGET-X86_64-LINUX	DPERF-2E741DBB97414DC2B7C3,DPERF-3514ACAB2DDAF21CFF68,DPERF-935370E42B021110D6A5,DPERF-E08880ADC7590E94A1A6	882f49d8e8f2490471b783bfe9f88b923339c92fd31bf51b058481e51dc0c287	Every exact normal representative of DENSE-CLEAR under COMMON-NON-OD1 has an independent same-shape upper-ratio gate on each selected native target. No other operation or workload can mask a failure.	FROZEN_PROTOCOL
OPG-063857A5A4B57D211F4C	DENSE-RESIZE-CLONE	OD-1-RESERVE-FIRST	OD1_MUTATOR	DENSE-RESIZE-CLONE::SEQ-RESIZE-01::OD-1-RESERVE-FIRST::SUCCESS_GROW,DENSE-RESIZE-CLONE::SEQ-RESIZE-01::OD-1-RESERVE-FIRST::SUCCESS_NO_GROW	ffd208f15d0375dde0d04d82427e8437883a4801b6466b8ed83bb63637c0abe6	REF-RUST-VEC	1.02	BASE	TARGET-AARCH64-DARWIN,TARGET-X86_64-LINUX	DPERF-04DE5D1E639FFBF6DAC9,DPERF-29DD761ADCE1FB24770E,DPERF-5F7BCA12D6BB15F9CB83,DPERF-E4470F6716E93E66000E	43532f428e849f16029b551b23fe8f47725cff1b8a27c89167f9f4c8c4c15b77	Every exact normal representative of DENSE-RESIZE-CLONE under OD-1-RESERVE-FIRST has an independent same-shape upper-ratio gate on each selected native target. No other operation or workload can mask a failure.	FROZEN_PROTOCOL
OPG-07E95760235B2771FD9E	DENSE-REPEAT	COMMON-NON-OD1	ALLOCATING_BEHAVIOR	DENSE-REPEAT::VIEW-CONCAT-01::COMMON-NON-OD1::SUCCESS	9830e32aa614add2de3c080fbb165e2f55dbd6b54409b6e2a37f1e26a61e73d9	REF-RUST-VEC	1.02	BASE	TARGET-AARCH64-DARWIN,TARGET-X86_64-LINUX	DPERF-B3A3B2140732696961D6,DPERF-CD63E98B60FD2B0F663B	3ff0c07a852c1bbf86da81a8adae1816dc3ad412b4ffbc82d3395af20ca39713	Every exact normal representative of DENSE-REPEAT under COMMON-NON-OD1 has an independent same-shape upper-ratio gate on each selected native target. No other operation or workload can mask a failure.	FROZEN_PROTOCOL
OPG-0B9989638A0FF27FAC1D	DENSE-VIEW-END-SPLIT	COMMON-NON-OD1	OPTION_BORROW	DENSE-VIEW-END-SPLIT::VIEW-END-SPLIT-01::COMMON-NON-OD1::ABSENT,DENSE-VIEW-END-SPLIT::VIEW-END-SPLIT-01::COMMON-NON-OD1::PRESENT	b0de065131747d8ec29abc32eb6f08fd97ca3c86631ff7760bcbb95681929c75	REF-RUST-VEC	1.02	BASE	TARGET-AARCH64-DARWIN,TARGET-X86_64-LINUX	DPERF-632C11EAF734B66BF656,DPERF-8D17FF52E765E47E25F9,DPERF-DE3AA6A58C7916512AE0,DPERF-F29D30D2B2CCF2F19CD5	b77f7b10ba43e6402a677329df10cf36040dc0c65d515718e7b90b87fe657f34	Every exact normal representative of DENSE-VIEW-END-SPLIT under COMMON-NON-OD1 has an independent same-shape upper-ratio gate on each selected native target. No other operation or workload can mask a failure.	FROZEN_PROTOCOL
OPG-0C3A25945EBE3A41324C	DENSE-TRUNCATE	COMMON-NON-OD1	TRUNCATE	DENSE-TRUNCATE::SEQ-TRUNCATE-01::COMMON-NON-OD1::SUFFIX_DESTROYED	959174ed13b63849ab36b56c0bffcef0a49570c3a1d8012e4958d30b860e2bb0	REF-RUST-VEC	1.02	BASE	TARGET-AARCH64-DARWIN,TARGET-X86_64-LINUX	DPERF-1A856DB8CA54A22392C6,DPERF-F32E803A80883783AE9B	40e23fc4acb81f84f131b19c4961b74a1f37fa6d2c018f7b70d5b1c503503b3d	Every exact normal representative of DENSE-TRUNCATE under COMMON-NON-OD1 has an independent same-shape upper-ratio gate on each selected native target. No other operation or workload can mask a failure.	FROZEN_PROTOCOL
OPG-0C6E5D25D96AE28B0B29	DENSE-FILL-WITH	COMMON-NON-OD1	BEHAVIOR	DENSE-FILL-WITH::VIEW-FILL-01::COMMON-NON-OD1::SUCCESS	527c9b6e827bd6d7e31bd7ba1e84fe36532974fa20a675faf3a3ce653f3853f5	REF-RUST-VEC	1.02	BASE	TARGET-AARCH64-DARWIN,TARGET-X86_64-LINUX	DPERF-56605B0059004B78A094,DPERF-6BEBB2A21388C9BC3077	7a6d9b8aa7674c6d75e1b214ada9f1b7394db7d8ea853ba8ce7512267a0812fe	Every exact normal representative of DENSE-FILL-WITH under COMMON-NON-OD1 has an independent same-shape upper-ratio gate on each selected native target. No other operation or workload can mask a failure.	FROZEN_PROTOCOL
OPG-0D9BBFC7C75BCE505440	DENSE-TAKE-WITH-DEFAULT	COMMON-NON-OD1	BEHAVIOR	DENSE-TAKE-WITH-DEFAULT::MEM-TAKE-01::COMMON-NON-OD1::SUCCESS	23316a386a6fd5ac9a7e0ae8856817fd48d08112227eea72d57025093687a1dd	REF-RUST-VEC	1.02	BASE	TARGET-AARCH64-DARWIN,TARGET-X86_64-LINUX	DPERF-67DE34C8B6AC5392450B,DPERF-DAB0CFAE6C46D649B9C6	508234ffca1f00dc5b9b27ca9ec4b89481ddee079ea4f3116d8fa62a70312e98	Every exact normal representative of DENSE-TAKE-WITH-DEFAULT under COMMON-NON-OD1 has an independent same-shape upper-ratio gate on each selected native target. No other operation or workload can mask a failure.	FROZEN_PROTOCOL
OPG-119313729C593D63D176	DENSE-VIEW-GET-UNIQ	COMMON-NON-OD1	OPTION_BORROW	DENSE-VIEW-GET-UNIQ::VIEW-GET-02::COMMON-NON-OD1::ABSENT,DENSE-VIEW-GET-UNIQ::VIEW-GET-02::COMMON-NON-OD1::PRESENT	dbb1ecfa02f067df34ae191dc990e79bce4c86014b7d07857f468256b351c8e0	REF-RUST-VEC	1.02	BASE	TARGET-AARCH64-DARWIN,TARGET-X86_64-LINUX	DPERF-6B2B758A0F7218912EF3,DPERF-7D9DB17972AC8740E7DA,DPERF-9ED6C0FF58E025C58A78,DPERF-CE1F4B0F3FF4A7BCCB28	b01bcfa17460e998976fe36b900136616d826363f5d5b7a637d3249cb1a1c869	Every exact normal representative of DENSE-VIEW-GET-UNIQ under COMMON-NON-OD1 has an independent same-shape upper-ratio gate on each selected native target. No other operation or workload can mask a failure.	FROZEN_PROTOCOL
OPG-12ACAC0E1E3A3C7E1A74	DENSE-DROP	COMMON-NON-OD1	DROP	DENSE-DROP::TRAIT-DROP-01::COMMON-NON-OD1::OWNER_DESTROYED	fe629b9aaad5bfa701e04b99417112f9a63ca18f854da671a0c7103f6d5c1f26	REF-RUST-VEC	1.02	BASE	TARGET-AARCH64-DARWIN,TARGET-X86_64-LINUX	DPERF-607D20B8BEE8D4912BEF,DPERF-6A2A2A117B256F68CF74	705e9a905d27f35669ee824e514e7c5a3a24f274064d15c26d04b7161276abc8	Every exact normal representative of DENSE-DROP under COMMON-NON-OD1 has an independent same-shape upper-ratio gate on each selected native target. No other operation or workload can mask a failure.	FROZEN_PROTOCOL
OPG-15E1826C5904C32377F3	DENSE-REVERSE	COMMON-NON-OD1	TOTAL	DENSE-REVERSE::VIEW-REORDER-01::COMMON-NON-OD1::SUCCESS	ebc302684d8cbbcea22f2203910cd1ddd91b64019d6f22e85d1f2cb229e00ecc	REF-RUST-VEC	1.02	BASE	TARGET-AARCH64-DARWIN,TARGET-X86_64-LINUX	DPERF-E34599BB32661EA7FD81,DPERF-E7852097BCE5A40F3810	2de6180c6932a26e3365c1ecc9e523b2b8334dfe02c69f2be3ef9c6ce6744525	Every exact normal representative of DENSE-REVERSE under COMMON-NON-OD1 has an independent same-shape upper-ratio gate on each selected native target. No other operation or workload can mask a failure.	FROZEN_PROTOCOL
OPG-182934C072B9342BB6E2	DENSE-OWNER-VIEW	COMMON-NON-OD1	TOTAL	DENSE-OWNER-VIEW::SEQ-VIEW-01::COMMON-NON-OD1::SUCCESS,DENSE-OWNER-VIEW::TRAIT-BORROW-01::COMMON-NON-OD1::SUCCESS,DENSE-OWNER-VIEW::TRAIT-DEREF-01::COMMON-NON-OD1::SUCCESS	e6fe0a616e7aedfd9a15c3a7b33a992553e9edf518275f343785de63a0b84eba	REF-RUST-VEC	1.02	BASE	TARGET-AARCH64-DARWIN,TARGET-X86_64-LINUX	DPERF-246D8EED983F2A80F05C,DPERF-6EFD406BC1238F84D619,DPERF-9D7C3ED8B4E4C0F6F0AF,DPERF-E1230D8A4F4179DFE487,DPERF-F291F6F2940D62F8CC51,DPERF-FEA1E867D21760F29A2C	20dff3669d52d660f180a0d4469098bc890a7727e6cfe5853a4f6b7715e5b748	Every exact normal representative of DENSE-OWNER-VIEW under COMMON-NON-OD1 has an independent same-shape upper-ratio gate on each selected native target. No other operation or workload can mask a failure.	FROZEN_PROTOCOL
OPG-1CAB74B37EC1E9F7D54F	DENSE-SHRINK-TO-FIT	COMMON-NON-OD1	SHRINK	DENSE-SHRINK-TO-FIT::SEQ-SHRINK-01::COMMON-NON-OD1::SUCCESS_NO_CHANGE,DENSE-SHRINK-TO-FIT::SEQ-SHRINK-01::COMMON-NON-OD1::SUCCESS_RELOCATE	0534558a23319e5369f8d135be353dbca1cc7859e8716031511266e32155b017	REF-RUST-VEC	1.02	BASE	TARGET-AARCH64-DARWIN,TARGET-X86_64-LINUX	DPERF-96084BEC1B59D2C38F25,DPERF-AE0272DF386C39CF38D2,DPERF-D295C08C1F70B5900EBF,DPERF-D5FA9BFB721AD2140025	8d6a520c4877921aca75d6f345d318a54b6367600c65fc6813fcee3370b8b38e	Every exact normal representative of DENSE-SHRINK-TO-FIT under COMMON-NON-OD1 has an independent same-shape upper-ratio gate on each selected native target. No other operation or workload can mask a failure.	FROZEN_PROTOCOL
OPG-1FBB44DF8DE5218A411E	DENSE-EAGER-SPLICE	OD-1-RECOVERABLE-MUTATORS	OD1_MUTATOR	DENSE-EAGER-SPLICE::SEQ-SPLICE-01::OD-1-RECOVERABLE-MUTATORS::SUCCESS_GROW,DENSE-EAGER-SPLICE::SEQ-SPLICE-01::OD-1-RECOVERABLE-MUTATORS::SUCCESS_NO_GROW	157159fc6fa59bc3210915b4d50bb517065c243ed733e67f61cc0c1ce2860ed9	REF-RUST-SPLICE	1.02	SPLICE-BACK-REPL-EQUAL,SPLICE-BACK-REPL-LONGER,SPLICE-BACK-REPL-SHORTER,SPLICE-FRONT-REPL-EQUAL,SPLICE-FRONT-REPL-LONGER,SPLICE-FRONT-REPL-SHORTER,SPLICE-MIDDLE-REPL-EQUAL,SPLICE-MIDDLE-REPL-LONGER,SPLICE-MIDDLE-REPL-SHORTER	TARGET-AARCH64-DARWIN,TARGET-X86_64-LINUX	DPERF-0812C7A710765E55622F,DPERF-2534E23A2E447A98C23E,DPERF-25AC102C9E5FAC1EE32C,DPERF-2D814861B018C14F86E9,DPERF-353594BEEDB4A71C39E0,DPERF-3536348081E6C66E34FF,DPERF-3A37245CE38008E6859D,DPERF-3BC00F5784E335075536,DPERF-457BD34522C9495FFC0E,DPERF-55BAB8F06E20AF7A249B,DPERF-56DCF2E8BAACD930DAB1,DPERF-5F0A2A334D91D3537445,DPERF-5F93C4149E2B8BD37C8F,DPERF-776502F3A39C19DA24C6,DPERF-7A34EACA154B8EDD59A1,DPERF-8A810220F97D5F1FB8E0,DPERF-8C43ECF197DD3F61F31F,DPERF-91C4806D8F747E9C5A0A,DPERF-98B11BAC01BFBA899099,DPERF-9DC700E901C5CE2CC2DE,DPERF-9FFDD650B6B06FBE8A1F,DPERF-A41A38EAE20AF0424A3A,DPERF-B9DA82199FCA1042A02C,DPERF-BA6E24DCD681C6068474,DPERF-C1F45CDA52E14DC0EDED,DPERF-C9C33BBCC836570AA1BB,DPERF-CDF5365DBDE67BFEE763,DPERF-DEAC2EAC1A019119E72C,DPERF-E8E73CC1652B1F1D0207,DPERF-EA14674B35D8FAF7367D,DPERF-ECFDEF48BEB3B18FAC59,DPERF-F1240A12A1221BAC4943,DPERF-F2332269A0285A27FE4B,DPERF-F3AA5CF5A6810659689E,DPERF-FA84C1337192FC1DB450,DPERF-FDB2039534DF2D55FCEF	06843e66b20f5e3863a8b63a4bf70442d0b4ca47c4794d3752dabf2e7446d59f	Every exact normal representative of DENSE-EAGER-SPLICE under OD-1-RECOVERABLE-MUTATORS has an independent same-shape upper-ratio gate on each selected native target. No other operation or workload can mask a failure.	FROZEN_PROTOCOL
OPG-2BCE0119C0833F66BA0D	DENSE-INDEX-UNIQ	COMMON-NON-OD1	TRAPPING_BORROW	DENSE-INDEX-UNIQ::TRAIT-INDEX-01::COMMON-NON-OD1::SUCCESS	b7b2be6311a7bfbf23c3f7fb0bcaf7ecd14508d40f9a2a52f24c862a45fa70e4	REF-RUST-VEC	1.02	BASE	TARGET-AARCH64-DARWIN,TARGET-X86_64-LINUX	DPERF-7F3741D48C90604BB03D,DPERF-E0AB00531BE38E8B3862	b7b138343ac4605eb19bd461a5d0797f8ae09a36107ea985e1720478e8deabf6	Every exact normal representative of DENSE-INDEX-UNIQ under COMMON-NON-OD1 has an independent same-shape upper-ratio gate on each selected native target. No other operation or workload can mask a failure.	FROZEN_PROTOCOL
OPG-2DB7FAD49FA28C5DFE54	DENSE-EXTEND-WITHIN	OD-1-RESERVE-FIRST	OD1_MUTATOR	DENSE-EXTEND-WITHIN::SEQ-EXTEND-COPY-01::OD-1-RESERVE-FIRST::SUCCESS_GROW,DENSE-EXTEND-WITHIN::SEQ-EXTEND-COPY-01::OD-1-RESERVE-FIRST::SUCCESS_NO_GROW	95a50a01a2ce36b7e0b65959c2e5f6e719d0bd053da5567df7a3aa75af9a1cf8	REF-RUST-VEC	1.02	BASE	TARGET-AARCH64-DARWIN,TARGET-X86_64-LINUX	DPERF-1015DAEC35903CA19BFF,DPERF-2127A4F24B7C5DD11492,DPERF-8300AF12A9DC81F9CC72,DPERF-D1CE9C1A28453288D512	4a64c8c0cf57791baf53b43835e60cb794719905e3f2f0ec699114c924928d62	Every exact normal representative of DENSE-EXTEND-WITHIN under OD-1-RESERVE-FIRST has an independent same-shape upper-ratio gate on each selected native target. No other operation or workload can mask a failure.	FROZEN_PROTOCOL
OPG-2E2D37D7B0074A63DD2F	DENSE-INTO-FLATTENED	COMMON-NON-OD1	CHECKED_MUTATION	DENSE-INTO-FLATTENED::SEQ-CONVERT-01::COMMON-NON-OD1::SUCCESS	55b05f0985ca984c4ab2c09fb75b2dccd2acd6581055dfc55ed53e4b1297a402	REF-RUST-VEC	1.02	BASE	TARGET-AARCH64-DARWIN,TARGET-X86_64-LINUX	DPERF-D420DBDEC30D9D3C3AAD,DPERF-FA97FF362E33893B5314	fd61f152383ce723f8950ab9cb3698b0757bd801b6bd5a30041b666fc8fc6737	Every exact normal representative of DENSE-INTO-FLATTENED under COMMON-NON-OD1 has an independent same-shape upper-ratio gate on each selected native target. No other operation or workload can mask a failure.	FROZEN_PROTOCOL
OPG-306585707A267DC6CCAD	DENSE-VIEW-DISJOINT-UNIQ	COMMON-NON-OD1	CHECKED_BORROW	DENSE-VIEW-DISJOINT-UNIQ::VIEW-DISJOINT-01::COMMON-NON-OD1::SUCCESS	54bf93e1fa535c1bf5b72663376aeacd1b3bf5693a3c92050783fa98cf4ccda8	REF-RUST-VEC	1.02	EDIT-FRONT,EDIT-MIDDLE,EDIT-BACK	TARGET-AARCH64-DARWIN,TARGET-X86_64-LINUX	DPERF-1EDC94E4446D4859A163,DPERF-2ABE662DA18326E02453,DPERF-36B65BE737362C671E0A,DPERF-7E9743CBCC1ED1C9C6B3,DPERF-9B51027B9EE00B442883,DPERF-CE19EC263A0D86BC7A58	acefa80f61200e60185becc9f4171ef6d4328f7db4d951eb4aaf403edfc14c00	Every exact normal representative of DENSE-VIEW-DISJOINT-UNIQ under COMMON-NON-OD1 has an independent same-shape upper-ratio gate on each selected native target. No other operation or workload can mask a failure.	FROZEN_PROTOCOL
OPG-323668E4663E77048ECE	DENSE-RESERVE	COMMON-NON-OD1	RESERVE_DIVERGENT	DENSE-RESERVE::SEQ-RESERVE-01::COMMON-NON-OD1::SUCCESS_GROW,DENSE-RESERVE::SEQ-RESERVE-01::COMMON-NON-OD1::SUCCESS_NO_GROW	3687a8a4a2b6e420aa8be5856222712a47c38418a94fc006a3d4fdd5802199f7	REF-RUST-VEC	1.02	BASE	TARGET-AARCH64-DARWIN,TARGET-X86_64-LINUX	DPERF-1240093BA31A90CEF6CA,DPERF-2E41B32A9FF5226CEA70,DPERF-4CA569FF3D91934C5649,DPERF-5C4987F2C7EB30270CF7,DPERF-6AFBD12042EBBC2FDD4F,DPERF-6E9084D9CA2CCB970C93,DPERF-B6ADE58484A4AC3D70A3,DPERF-C2EC25D0350292389F76,DPERF-CE69D272F0B92CB9E440,DPERF-DD33840016C8A77FE913,DPERF-EA5A328E199CAC6CFFCF,DPERF-EBCB69FE898149D23138,DPERF-F05F8263CE3887BFC143,DPERF-F67DD753A8E4852E609D	ce50163a17e80bae9566b06be9b305a4ee15afac8d2cdf6d6fc67a9e234213bc	Every exact normal representative of DENSE-RESERVE under COMMON-NON-OD1 has an independent same-shape upper-ratio gate on each selected native target. No other operation or workload can mask a failure.	FROZEN_PROTOCOL
OPG-33FE8394526D870FB1BC	DENSE-COLLECT	OD-1-RESERVE-FIRST	OD1_CONSTRUCTOR	DENSE-COLLECT::TRAIT-COLLECT-01::OD-1-RESERVE-FIRST::SUCCESS	f1c6d3d63757f12b0cac2c399c0a3591468c0bf14ab553aa724efcc36e3cc988	REF-RUST-VEC	1.02	BASE	TARGET-AARCH64-DARWIN,TARGET-X86_64-LINUX	DPERF-2F1F82C8D822153CD4EB,DPERF-F4A0C7A004EEEBFC08A3	f4e3ef5899d7c7dde01947ee76ffcccdb6391f2d335f7c377f6a546d4d582a7b	Every exact normal representative of DENSE-COLLECT under OD-1-RESERVE-FIRST has an independent same-shape upper-ratio gate on each selected native target. No other operation or workload can mask a failure.	FROZEN_PROTOCOL
OPG-33FFBA180C6817D72796	DENSE-ROTATE	COMMON-NON-OD1	CHECKED_MUTATION	DENSE-ROTATE::VIEW-REORDER-01::COMMON-NON-OD1::SUCCESS	e73a23f93fdb7515b123ecbc98bc3a5757c226c1d03bcf5cb4e03bc4e8fb1839	REF-RUST-VEC	1.02	EDIT-FRONT,EDIT-MIDDLE,EDIT-BACK	TARGET-AARCH64-DARWIN,TARGET-X86_64-LINUX	DPERF-124BEFA32E6846B52E4D,DPERF-7280D91D09C081C48E8C,DPERF-8AB02A88F8D62C0A6ABC,DPERF-A71F8190909320798AB6,DPERF-B7CD33BCFC2CCE3AA08B,DPERF-F3FC8A6AC6DBD45FEAA8	524fad2644f9f32eea1b7cb546a8341708cafe79d7d4dc4c49117f6cca71b4f8	Every exact normal representative of DENSE-ROTATE under COMMON-NON-OD1 has an independent same-shape upper-ratio gate on each selected native target. No other operation or workload can mask a failure.	FROZEN_PROTOCOL
OPG-3EFC5DC1ABD26236FDDD	DENSE-WITH-CAPACITY	COMMON-NON-OD1	ALLOCATING_CONSTRUCTOR	DENSE-WITH-CAPACITY::SEQ-META-01::COMMON-NON-OD1::SUCCESS	34f9176c3333c19829eff28f037675405454bef3e5e7e563bdbfe8db6c924186	REF-RUST-VEC	1.02	BASE	TARGET-AARCH64-DARWIN,TARGET-X86_64-LINUX	DPERF-6A7B2EFF3D6E36FFE204,DPERF-B26B1E78F3AC40DB4813	453d392278ed953f8125021a681efe928d3d389e4ffec487fa66c00c1db5843c	Every exact normal representative of DENSE-WITH-CAPACITY under COMMON-NON-OD1 has an independent same-shape upper-ratio gate on each selected native target. No other operation or workload can mask a failure.	FROZEN_PROTOCOL
OPG-3FE6C6DA2EE0B0F4DAB2	DENSE-VIEW-END	COMMON-NON-OD1	OPTION_BORROW	DENSE-VIEW-END::VIEW-END-01::COMMON-NON-OD1::ABSENT,DENSE-VIEW-END::VIEW-END-01::COMMON-NON-OD1::PRESENT	eddb0d9b1de7a359b707ea905cbe624235548cb6a798c42247627acdf6a51706	REF-RUST-VEC	1.02	BASE	TARGET-AARCH64-DARWIN,TARGET-X86_64-LINUX	DPERF-0F5E5EC7E1D8F4470ABD,DPERF-19DA99F861E0A722DF9B,DPERF-A2B675F2C67A71291E0A,DPERF-A3D25CECDC7A437EFF97	4fde9e73449172dacc3c5c9f0c2fdc798777d1aedbeb453e22c6f6228bc0d7b1	Every exact normal representative of DENSE-VIEW-END under COMMON-NON-OD1 has an independent same-shape upper-ratio gate on each selected native target. No other operation or workload can mask a failure.	FROZEN_PROTOCOL
OPG-422E95DCB05A152F4ABE	DENSE-RESERVE-EXACT	COMMON-NON-OD1	RESERVE_DIVERGENT	DENSE-RESERVE-EXACT::SEQ-RESERVE-01::COMMON-NON-OD1::SUCCESS_GROW,DENSE-RESERVE-EXACT::SEQ-RESERVE-01::COMMON-NON-OD1::SUCCESS_NO_GROW	93a4061053cfb8b4176675e5033213d09dbc4dd27a601143db4008afa44aa0c8	REF-RUST-VEC	1.02	BASE	TARGET-AARCH64-DARWIN,TARGET-X86_64-LINUX	DPERF-2C2206B8C0281AC72FD9,DPERF-4344FA04983DD7FAF182,DPERF-475DF6E262E4F7267F5C,DPERF-A744AF411EDD60D9847E	85af8c2d350b03d3d4df0bf465967559bc179cf240301fd4c2e8a4f8e8b40cb9	Every exact normal representative of DENSE-RESERVE-EXACT under COMMON-NON-OD1 has an independent same-shape upper-ratio gate on each selected native target. No other operation or workload can mask a failure.	FROZEN_PROTOCOL
OPG-426020856F9C000F8CAF	DENSE-COPY-FROM	COMMON-NON-OD1	CHECKED_MUTATION	DENSE-COPY-FROM::VIEW-COPY-01::COMMON-NON-OD1::SUCCESS	0a1234559604f3a57341df1d26fcf5726f1a9a9400f4d7951d1e5f9cae6e2d49	REF-RUST-VEC	1.02	BASE	TARGET-AARCH64-DARWIN,TARGET-X86_64-LINUX	DPERF-341042FFD9BD024F603B,DPERF-7ED1067EB66330CA3620,DPERF-D9567F32253813CEAB8C,DPERF-F4BBE3B7D9C19778AA6F	82d1892ce7bde618135a765e534e17ccf95dd8fc304286c36a3b5e86fc971235	Every exact normal representative of DENSE-COPY-FROM under COMMON-NON-OD1 has an independent same-shape upper-ratio gate on each selected native target. No other operation or workload can mask a failure.	FROZEN_PROTOCOL
OPG-4360E6FC9CE2D3F6C8F8	DENSE-SPLIT-OFF	COMMON-NON-OD1	SPLIT_OFF	DENSE-SPLIT-OFF::SEQ-SPLIT-01::COMMON-NON-OD1::SUCCESS	012861ac3d646cdfe2bd97752f51161befe76f031e95053bdce433248dd8dca3	REF-RUST-VEC	1.02	BASE	TARGET-AARCH64-DARWIN,TARGET-X86_64-LINUX	DPERF-143F2661475DBA55172A,DPERF-27F8F9A2C7F124C616AC	f7ed9f1992af3fdd46dbf7ae61e699716b9b6d6a3497b496d44d48a3e267a3ab	Every exact normal representative of DENSE-SPLIT-OFF under COMMON-NON-OD1 has an independent same-shape upper-ratio gate on each selected native target. No other operation or workload can mask a failure.	FROZEN_PROTOCOL
OPG-4386D8EC7174ECE980C5	DENSE-RESIZE-WITH	OD-1-RECOVERABLE-MUTATORS	OD1_MUTATOR	DENSE-RESIZE-WITH::SEQ-RESIZE-01::OD-1-RECOVERABLE-MUTATORS::SUCCESS_GROW,DENSE-RESIZE-WITH::SEQ-RESIZE-01::OD-1-RECOVERABLE-MUTATORS::SUCCESS_NO_GROW	863a46b53a8a022d59704587371ebb9f22f78acf3252ba5a27863073374ac5ef	REF-RUST-VEC	1.02	BASE	TARGET-AARCH64-DARWIN,TARGET-X86_64-LINUX	DPERF-18A0255FA809E644FFFC,DPERF-46A707C510337C44F472,DPERF-5E10252D81F2B5484257,DPERF-7E3296F6774B5E72F294	671ca0590af92d1cfbaf1b92113ed6850215b378bb5da400a9ea2e5a6714e98b	Every exact normal representative of DENSE-RESIZE-WITH under OD-1-RECOVERABLE-MUTATORS has an independent same-shape upper-ratio gate on each selected native target. No other operation or workload can mask a failure.	FROZEN_PROTOCOL
OPG-449DBB7C37AA05DD83A7	DENSE-INDEX-SHARED	COMMON-NON-OD1	TRAPPING_BORROW	DENSE-INDEX-SHARED::TRAIT-INDEX-01::COMMON-NON-OD1::SUCCESS	4cf1ad304ba67db26617c583d22ebadac028ef2ba4c6b86bac59b120df351c6c	REF-RUST-VEC	1.02	BASE	TARGET-AARCH64-DARWIN,TARGET-X86_64-LINUX	DPERF-7EE473EC01A36A418ECF,DPERF-BE89CF6A5ECBD39BA835	d23996c9ca097f252baae09e934aff189cd4703504381aa3ef1b828d2df20f13	Every exact normal representative of DENSE-INDEX-SHARED under COMMON-NON-OD1 has an independent same-shape upper-ratio gate on each selected native target. No other operation or workload can mask a failure.	FROZEN_PROTOCOL
OPG-44A40AEF055F352038D5	DENSE-INTO-BOXED	COMMON-NON-OD1	SHRINK	DENSE-INTO-BOXED::SEQ-CONVERT-01::COMMON-NON-OD1::SUCCESS_NO_CHANGE,DENSE-INTO-BOXED::SEQ-CONVERT-01::COMMON-NON-OD1::SUCCESS_RELOCATE	d0f15c710132e0593d01b7c143899016a8e62ef72f6fd1d80c5d42c020f578b5	REF-RUST-VEC	1.02	BASE	TARGET-AARCH64-DARWIN,TARGET-X86_64-LINUX	DPERF-11590F8AF05A9189AE28,DPERF-3D655EF0C4962A4E5230,DPERF-627E77112012E73C36D6,DPERF-A55B82FA717C71C91C5C	ce72729149629c69750257f059c5034ff1d2a06b5f46117b1621c973cc41f6ac	Every exact normal representative of DENSE-INTO-BOXED under COMMON-NON-OD1 has an independent same-shape upper-ratio gate on each selected native target. No other operation or workload can mask a failure.	FROZEN_PROTOCOL
OPG-48B9754D36465418A720	DENSE-TRY-RESERVE-EXACT	COMMON-NON-OD1	RESERVE_RECOVERABLE	DENSE-TRY-RESERVE-EXACT::SEQ-TRY-RESERVE-01::COMMON-NON-OD1::SUCCESS_GROW,DENSE-TRY-RESERVE-EXACT::SEQ-TRY-RESERVE-01::COMMON-NON-OD1::SUCCESS_NO_GROW	e9e9b9cb6fa065e394ff893c1248600d1b532e17e76062a9f1f4f0798b046b86	REF-RUST-VEC	1.02	BASE	TARGET-AARCH64-DARWIN,TARGET-X86_64-LINUX	DPERF-13D236D8123E489FDE70,DPERF-44FFA0030FD8A86CEC47,DPERF-A9183B22947FBD199FC4,DPERF-E559997A75102F15595C	d7717d979792954a22040b53ccb2683bec5d4ff4d66224a59398cb6c1bebefae	Every exact normal representative of DENSE-TRY-RESERVE-EXACT under COMMON-NON-OD1 has an independent same-shape upper-ratio gate on each selected native target. No other operation or workload can mask a failure.	FROZEN_PROTOCOL
OPG-50D77A722E2F6DAADA0E	DENSE-RESIZE-CLONE	OD-1-RECOVERABLE-MUTATORS	OD1_MUTATOR	DENSE-RESIZE-CLONE::SEQ-RESIZE-01::OD-1-RECOVERABLE-MUTATORS::SUCCESS_GROW,DENSE-RESIZE-CLONE::SEQ-RESIZE-01::OD-1-RECOVERABLE-MUTATORS::SUCCESS_NO_GROW	34bedb19d70117c7f41fa629c12447d78c416e94abe144d64f645e0b1a5265c0	REF-RUST-VEC	1.02	BASE	TARGET-AARCH64-DARWIN,TARGET-X86_64-LINUX	DPERF-1547E3A0C052CC6054CF,DPERF-75210D52AC93CFC610CB,DPERF-B60B674079029D8E104D,DPERF-D49666190DE471522002	b2d1bdcbc23059e500a1545ceaf7ba2ce6554c9a624cca10a5be06f9941cc876	Every exact normal representative of DENSE-RESIZE-CLONE under OD-1-RECOVERABLE-MUTATORS has an independent same-shape upper-ratio gate on each selected native target. No other operation or workload can mask a failure.	FROZEN_PROTOCOL
OPG-54F8590B60FFF49F95BB	DENSE-CONCAT	COMMON-NON-OD1	ALLOCATING_BEHAVIOR	DENSE-CONCAT::VIEW-CONCAT-01::COMMON-NON-OD1::SUCCESS	5ae8e4f90e833e899c15c6731b2218841d52410306d62300195e37a4c191248c	REF-RUST-VEC	1.02	BASE	TARGET-AARCH64-DARWIN,TARGET-X86_64-LINUX	DPERF-9686454C13B52D0ADCAB,DPERF-AA3FEE89198D4FC2158D	59390af417ef6efb171e5225a464c2d47b89b6ff229905385b38858afca8d734	Every exact normal representative of DENSE-CONCAT under COMMON-NON-OD1 has an independent same-shape upper-ratio gate on each selected native target. No other operation or workload can mask a failure.	FROZEN_PROTOCOL
OPG-5904B76DFA750DCB3E44	DENSE-HASH-TRAVERSAL	COMMON-NON-OD1	BEHAVIOR	DENSE-HASH-TRAVERSAL::TRAIT-CMP-01::COMMON-NON-OD1::SUCCESS	b4080a6c3411ba66d622b665778310f837e70c40d545d7ec18767cd7aba09ce9	REF-RUST-VEC	1.02	BASE	TARGET-AARCH64-DARWIN,TARGET-X86_64-LINUX	DPERF-370D3FCD422BD1F99FD8,DPERF-A82ADCA297586E71F863	aa3de66f210d6a50ba62811b1dc6103315a3b11bc2b07facba2128880bfa1803	Every exact normal representative of DENSE-HASH-TRAVERSAL under COMMON-NON-OD1 has an independent same-shape upper-ratio gate on each selected native target. No other operation or workload can mask a failure.	FROZEN_PROTOCOL
OPG-5C2C3CA3C514CFE08009	DENSE-REPLACE	COMMON-NON-OD1	TOTAL	DENSE-REPLACE::MEM-REPLACE-01::COMMON-NON-OD1::SUCCESS	ab0112641c7e2074b889050af61d89d4a1fc942970e80945f805ed45cbe402eb	REF-RUST-VEC	1.02	BASE	TARGET-AARCH64-DARWIN,TARGET-X86_64-LINUX	DPERF-CBE35F7DB9045189DAD7,DPERF-DBD7B9FBB4F88EB9BC3F	f0b5cade02c43d061738d207f64251e595bba49a29b475d144260275fa01414f	Every exact normal representative of DENSE-REPLACE under COMMON-NON-OD1 has an independent same-shape upper-ratio gate on each selected native target. No other operation or workload can mask a failure.	FROZEN_PROTOCOL
OPG-5C81C1023F70FA929D89	DENSE-EXTEND-WITHIN	OD-1-RECOVERABLE-MUTATORS	OD1_MUTATOR	DENSE-EXTEND-WITHIN::SEQ-EXTEND-COPY-01::OD-1-RECOVERABLE-MUTATORS::SUCCESS_GROW,DENSE-EXTEND-WITHIN::SEQ-EXTEND-COPY-01::OD-1-RECOVERABLE-MUTATORS::SUCCESS_NO_GROW	b404d2bc9b33d4b595856574285b538862255d63ba07a67ae0c5a38e53679007	REF-RUST-VEC	1.02	BASE	TARGET-AARCH64-DARWIN,TARGET-X86_64-LINUX	DPERF-093BE92738087CA83601,DPERF-3A353C7B4306071D33F9,DPERF-4BEC751812DCD4770AFE,DPERF-E7AFBE4C77A946E4C66E	c0f31aeb6f21c090b4fbbb53a6653d163aaec0fc168c4daf20b824ae15507e69	Every exact normal representative of DENSE-EXTEND-WITHIN under OD-1-RECOVERABLE-MUTATORS has an independent same-shape upper-ratio gate on each selected native target. No other operation or workload can mask a failure.	FROZEN_PROTOCOL
OPG-5DA27F8E28AC12CA4E68	DENSE-POP-IF	COMMON-NON-OD1	POP_IF	DENSE-POP-IF::SEQ-POP-01::COMMON-NON-OD1::PREDICATE_FALSE,DENSE-POP-IF::SEQ-POP-01::COMMON-NON-OD1::PREDICATE_TRUE	b94cb4d32010ec003f17ec77b36c9a6adb6cbbbdcc1dad536bae439df6f883a6	REF-RUST-VEC	1.02	BASE	TARGET-AARCH64-DARWIN,TARGET-X86_64-LINUX	DPERF-0B355ACCFBC23B1957D2,DPERF-0B633B5BC46E0B98D8E3,DPERF-5DEC0A2E9DC1400633EC,DPERF-9E550E8B7F19D19F76FF	b52ddea2b65fd19cedf4938f15adf7a677cbacc3d25a98694c9a02d05caf5f6d	Every exact normal representative of DENSE-POP-IF under COMMON-NON-OD1 has an independent same-shape upper-ratio gate on each selected native target. No other operation or workload can mask a failure.	FROZEN_PROTOCOL
OPG-5E3BDC6389F32E176B29	DENSE-APPEND-MOVE	OD-1-RECOVERABLE-MUTATORS	OD1_MUTATOR	DENSE-APPEND-MOVE::SEQ-APPEND-01::OD-1-RECOVERABLE-MUTATORS::SUCCESS_GROW,DENSE-APPEND-MOVE::SEQ-APPEND-01::OD-1-RECOVERABLE-MUTATORS::SUCCESS_NO_GROW	465b4cd30d91312cc217d45d89225e0302f86db79c7aab094fb1dd0b7f387082	REF-RUST-VEC	1.02	BASE	TARGET-AARCH64-DARWIN,TARGET-X86_64-LINUX	DPERF-0A58B6F9461EBF30627E,DPERF-7DFD8345AD1082B51FE4,DPERF-822C0491DE331E1F36C2,DPERF-FAD607E9F690753E427F	5a94e4d2014f8ef02f4bef4b0ec9ae8a1ae50d9efc4a071a3ba22a952cb6dd59	Every exact normal representative of DENSE-APPEND-MOVE under OD-1-RECOVERABLE-MUTATORS has an independent same-shape upper-ratio gate on each selected native target. No other operation or workload can mask a failure.	FROZEN_PROTOCOL
OPG-5F649E78309BAB4C5BAD	DENSE-DEDUP	COMMON-NON-OD1	BEHAVIOR	DENSE-DEDUP::SEQ-DEDUP-01::COMMON-NON-OD1::SUCCESS	b281df26cc755daa9a5e0ca93074f007f2ed96c9770ce4934c68b1fddd21c0c1	REF-RUST-VEC	1.02	RETAIN-10,RETAIN-50,RETAIN-90	TARGET-AARCH64-DARWIN,TARGET-X86_64-LINUX	DPERF-371696F2F1DED73110BC,DPERF-937B8FE66D0E41FF257D,DPERF-A4F14EB041CC32E1231A,DPERF-E5AAF7FF4835210F9339,DPERF-F07555D1DFF3181280E6,DPERF-FB1F1F14922A51C58B45	17d6ed975b6dd49f73a15b35a7db8d92ac216cb5a61d1b420127feb1033661d2	Every exact normal representative of DENSE-DEDUP under COMMON-NON-OD1 has an independent same-shape upper-ratio gate on each selected native target. No other operation or workload can mask a failure.	FROZEN_PROTOCOL
OPG-61999323F6E809758925	DENSE-SHRINK-TO	COMMON-NON-OD1	SHRINK	DENSE-SHRINK-TO::SEQ-SHRINK-01::COMMON-NON-OD1::SUCCESS_NO_CHANGE,DENSE-SHRINK-TO::SEQ-SHRINK-01::COMMON-NON-OD1::SUCCESS_RELOCATE	6a610443800f3c6032d87de2563231995df5c315c67a32c09083f90f64dd34f3	REF-RUST-VEC	1.02	BASE	TARGET-AARCH64-DARWIN,TARGET-X86_64-LINUX	DPERF-5B2EBA45687279E56DC7,DPERF-6B49A031B5C5F2C777C1,DPERF-AED8D9886E82CCC865AC,DPERF-E75ACC7273E2EA04AB31	378743e44418fe2bd6d7f19baa5c65e54fc6a120f5b512fc15af16cf64eef0f7	Every exact normal representative of DENSE-SHRINK-TO under COMMON-NON-OD1 has an independent same-shape upper-ratio gate on each selected native target. No other operation or workload can mask a failure.	FROZEN_PROTOCOL
OPG-61FA437703DF6196C1C2	DENSE-PUSH	OD-1-RECOVERABLE-MUTATORS	OD1_MUTATOR	DENSE-PUSH::SEQ-PUSH-01::OD-1-RECOVERABLE-MUTATORS::SUCCESS_GROW,DENSE-PUSH::SEQ-PUSH-01::OD-1-RECOVERABLE-MUTATORS::SUCCESS_NO_GROW	bd06dc9b2612769a84dc62ad52efced40013781c24748c66c83a2229b7d45333	REF-RUST-VEC	1.02	BASE	TARGET-AARCH64-DARWIN,TARGET-X86_64-LINUX	DPERF-AD6CB1E7EC3207371106,DPERF-E750D04AA6AC5FF4900D,DPERF-EC2ABE15D38B692BE86E,DPERF-F31EB13EA9C489901AF9	b380877bcf2014da022f5228eb1561541c077acb533c671e5f7a2f6e28be6924	Every exact normal representative of DENSE-PUSH under OD-1-RECOVERABLE-MUTATORS has an independent same-shape upper-ratio gate on each selected native target. No other operation or workload can mask a failure.	FROZEN_PROTOCOL
OPG-6569729E8365D2E0B879	DENSE-VIEW-SPLIT-TRAP	COMMON-NON-OD1	TRAPPING_BORROW	DENSE-VIEW-SPLIT-TRAP::VIEW-SPLIT-01::COMMON-NON-OD1::SUCCESS	3b6c55f0bcb5352905d2273e9fc6991fa00ad6e236a0c8a43c021d85becb71d3	REF-RUST-VEC	1.02	EDIT-FRONT,EDIT-MIDDLE,EDIT-BACK	TARGET-AARCH64-DARWIN,TARGET-X86_64-LINUX	DPERF-05E2E08EC83ADFADB091,DPERF-065E90D27CFDE4473F02,DPERF-3B6C3BF4B481B90B350D,DPERF-60CF4D278A329BCAAA0E,DPERF-9390D28B91102A3DA7E3,DPERF-9F92148882D1E9C723D1	8fb7a1645a781c89098f664462dc581b75f1f9cd89f6ea8c3702983132338fcc	Every exact normal representative of DENSE-VIEW-SPLIT-TRAP under COMMON-NON-OD1 has an independent same-shape upper-ratio gate on each selected native target. No other operation or workload can mask a failure.	FROZEN_PROTOCOL
OPG-6706C2F32BFC313233CC	DENSE-VIEW-AS-FIXED	COMMON-NON-OD1	OPTION_BORROW	DENSE-VIEW-AS-FIXED::VIEW-ARRAY-01::COMMON-NON-OD1::ABSENT,DENSE-VIEW-AS-FIXED::VIEW-ARRAY-01::COMMON-NON-OD1::PRESENT	957771731f85b9fa2f9a5729529173dc955e948ab5bc3d05487c72ac651e92d4	REF-RUST-VEC	1.02	BASE	TARGET-AARCH64-DARWIN,TARGET-X86_64-LINUX	DPERF-16E65A51AFCCF41BB375,DPERF-33EA0E20CA883C5A0616,DPERF-587AF3C9639F51A61597,DPERF-6A2EBF392F3AE04C6082	086a73517fba96a86ffa3a89508f7aa7ac30ebebffbd0be44f1e2d17ac67f9e6	Every exact normal representative of DENSE-VIEW-AS-FIXED under COMMON-NON-OD1 has an independent same-shape upper-ratio gate on each selected native target. No other operation or workload can mask a failure.	FROZEN_PROTOCOL
OPG-685236208C2FDE668F78	DENSE-FIXED-MAP	COMMON-NON-OD1	BEHAVIOR	DENSE-FIXED-MAP::ARR-MAP-01::COMMON-NON-OD1::SUCCESS	794b35801ddeb74900322d7781018294e4ad2ea07b59e7aa81f03c41af3982d2	REF-RUST-VEC	1.02	BASE	TARGET-AARCH64-DARWIN,TARGET-X86_64-LINUX	DPERF-B1B151A870F2060BEBDC,DPERF-CEC207D5B2BF87BB0779	1e4f4feb80e213b0c3d50ae3658b537a5229152f0d0e4e2d33698313050e35a4	Every exact normal representative of DENSE-FIXED-MAP under COMMON-NON-OD1 has an independent same-shape upper-ratio gate on each selected native target. No other operation or workload can mask a failure.	FROZEN_PROTOCOL
OPG-71539D0B284008728C8E	DENSE-SORT-UNSTABLE	COMMON-NON-OD1	UNSTABLE_SORT	DENSE-SORT-UNSTABLE::VIEW-SORT-02::COMMON-NON-OD1::SUCCESS	813298be0d5471532e22855033d8d7e221c3bbc53299d938b3997340de580d83	REF-RUST-SORT-UNSTABLE	1.02	SORT-RANDOM,SORT-SORTED,SORT-REVERSE,SORT-ORGAN-PIPE,SORT-DUPLICATE-90	TARGET-AARCH64-DARWIN,TARGET-X86_64-LINUX	DPERF-0D938917C0815FF2E655,DPERF-39549A3F49F0FD206038,DPERF-40B7EEC5BC880B26DFC3,DPERF-5AB8A35C6EFB4B01DA55,DPERF-5B40E23587E3CD4C2B25,DPERF-5C7C5D82D171D40FF30A,DPERF-6D33491100148237E4C3,DPERF-73FE066507FD033B3321,DPERF-B20C60F40084FA318C98,DPERF-D1476B1FDDCAF43D4C84	1ec0e9e18fed9688538c178998e520162c815cfc129cc314126e5e8ac0b85d44	Every exact normal representative of DENSE-SORT-UNSTABLE under COMMON-NON-OD1 has an independent same-shape upper-ratio gate on each selected native target. No other operation or workload can mask a failure.	FROZEN_PROTOCOL
OPG-72639F0E7C7CA6E65EDA	DENSE-SELECT-UNSTABLE	COMMON-NON-OD1	SELECT	DENSE-SELECT-UNSTABLE::VIEW-SELECT-01::COMMON-NON-OD1::SUCCESS	4098e3e53238f7f04fd17f935cc638bfd1c3484c0b23f52018ec5194fe3925e1	REF-RUST-VEC	1.02	EDIT-FRONT,EDIT-MIDDLE,EDIT-BACK	TARGET-AARCH64-DARWIN,TARGET-X86_64-LINUX	DPERF-49F3DCB449B35BF7D351,DPERF-9FC87BACD307926DD417,DPERF-BA64480EE5DE9706E043,DPERF-BAA0048F0ABCBB4435A3,DPERF-C2DAEF614A58F80877CE,DPERF-F247E06C2A23FC6CD4A3	225e05d1b835499ff3428e2f4bb59656d7594696514afab18e3a7ea8dbd1e254	Every exact normal representative of DENSE-SELECT-UNSTABLE under COMMON-NON-OD1 has an independent same-shape upper-ratio gate on each selected native target. No other operation or workload can mask a failure.	FROZEN_PROTOCOL
OPG-7A04BBF6EBA8C8C50D8B	DENSE-SWAP	COMMON-NON-OD1	CHECKED_MUTATION	DENSE-SWAP::VIEW-SWAP-01::COMMON-NON-OD1::SUCCESS	5b0cfa01b06425028e3f6cd0dc92bc3128fcc9db475e7eabd034d4e363c38aad	REF-RUST-VEC	1.02	SWAP-EQUAL,SWAP-FRONT-BACK,SWAP-ADJACENT-MIDDLE	TARGET-AARCH64-DARWIN,TARGET-X86_64-LINUX	DPERF-054C62AF7CAA371C8C73,DPERF-0E607E28832B0CAA6D40,DPERF-25BA545547EEB90BE460,DPERF-275AAF8C89B06FAE594C,DPERF-43AFF75A3B24A85F7D99,DPERF-50A6D047CD62BB07D03C,DPERF-7D4A775C4DA78F664F6A,DPERF-F83E7048E6B2D844D8FD	6879df4471c8a6872cfc5f2d1aa37db793733c3c3bd736164ae5af204f63638b	Every exact normal representative of DENSE-SWAP under COMMON-NON-OD1 has an independent same-shape upper-ratio gate on each selected native target. No other operation or workload can mask a failure.	FROZEN_PROTOCOL
OPG-7B8763CA0C1B5EDDF248	DENSE-SORT-STABLE-CACHED-KEY	COMMON-NON-OD1	STABLE_SORT	DENSE-SORT-STABLE-CACHED-KEY::VIEW-SORT-01::COMMON-NON-OD1::SUCCESS	190e3ac1c50630073454dfc63aca0d63074866d750d74f860312582b875cb371	REF-RUST-SORT-STABLE	1.02	SORT-RANDOM,SORT-SORTED,SORT-REVERSE,SORT-ORGAN-PIPE,SORT-DUPLICATE-90	TARGET-AARCH64-DARWIN,TARGET-X86_64-LINUX	DPERF-2C7CC8763609323741F5,DPERF-527E1A7B9AE0BBEB5199,DPERF-58D607A5CC39408F391E,DPERF-648512BA01241DA7038A,DPERF-68803E14DD46BA5F1D74,DPERF-7014A95A1ABAD1379F8E,DPERF-C2B89CB033421C1F4453,DPERF-CD27413C4D9948D72166,DPERF-E170CC6643094225BC10,DPERF-E503B440AB4C5E4B4ACA	8783fd6b77cd3e8bd7c8cfaa842b1616289d0f8730f8986ee3a2aea74805a433	Every exact normal representative of DENSE-SORT-STABLE-CACHED-KEY under COMMON-NON-OD1 has an independent same-shape upper-ratio gate on each selected native target. No other operation or workload can mask a failure.	FROZEN_PROTOCOL
OPG-803951EC4477B6133604	DENSE-VIEW-ARRAY-CHUNKS	COMMON-NON-OD1	TRAPPING_BORROW	DENSE-VIEW-ARRAY-CHUNKS::VIEW-ARRAY-CHUNKS-01::COMMON-NON-OD1::SUCCESS	dc56e1544cd584d25cc35f5cf19c55aac784fa48df3dfb9544a570bfd39c6b95	REF-RUST-VEC	1.02	EDIT-FRONT,EDIT-MIDDLE,EDIT-BACK	TARGET-AARCH64-DARWIN,TARGET-X86_64-LINUX	DPERF-0C66845DF2B047039956,DPERF-65D5A014558B4AC0ED9B,DPERF-796AE1FFA3C3E40B142C,DPERF-AEF237E9B8324EA02550,DPERF-DEDA76093FDE701A12F7,DPERF-F144FF096C1AC3828A27	39d0dd3479080756c282a84313580087d0d99f5e3c2b173c76ea3b8fa100f97b	Every exact normal representative of DENSE-VIEW-ARRAY-CHUNKS under COMMON-NON-OD1 has an independent same-shape upper-ratio gate on each selected native target. No other operation or workload can mask a failure.	FROZEN_PROTOCOL
OPG-81D91A2371A781AB4433	DENSE-ITER-OWN	COMMON-NON-OD1	ITER_OWN	DENSE-ITER-OWN::TRAIT-INTOITER-01::COMMON-NON-OD1::YIELD_BACK,DENSE-ITER-OWN::TRAIT-INTOITER-01::COMMON-NON-OD1::YIELD_FRONT	43e3b55d01295c7875c1799add2b862a75bc38d345f98baf4fcc0910892c0f0e	REF-RUST-INTOITER	1.02	BASE	TARGET-AARCH64-DARWIN,TARGET-X86_64-LINUX	DPERF-0481CF6777C6E4A0F02F,DPERF-1D551DAD1A0957042182,DPERF-6B76F1D433A4A67C79F1,DPERF-B2B9B3D332A619784226,DPERF-C26AFC97C83972459E99,DPERF-EFB96CC685FB967C11A0	d3ee310f052e52a215b6c0a2a24a9496da296fe9b8328c62862ac8dea2c84996	Every exact normal representative of DENSE-ITER-OWN under COMMON-NON-OD1 has an independent same-shape upper-ratio gate on each selected native target. No other operation or workload can mask a failure.	FROZEN_PROTOCOL
OPG-82E5F9D619AFE11913A5	DENSE-SWAP-WITH-VIEW	COMMON-NON-OD1	CHECKED_MUTATION	DENSE-SWAP-WITH-VIEW::VIEW-SWAP-01::COMMON-NON-OD1::SUCCESS	a4cf352b374a9e17fa65cae285f52509d352a3e3dfde6f7dc3aa478fc5907a20	REF-RUST-VEC	1.02	BASE	TARGET-AARCH64-DARWIN,TARGET-X86_64-LINUX	DPERF-E4F03ADBAFC1385E3952,DPERF-F5845911B4BBCBBD8D2E	2395a2c888406858b8ab3d59e93d4d6ac866b433ba60e16623a9b26b7c626d8e	Every exact normal representative of DENSE-SWAP-WITH-VIEW under COMMON-NON-OD1 has an independent same-shape upper-ratio gate on each selected native target. No other operation or workload can mask a failure.	FROZEN_PROTOCOL
OPG-82E80D0EF9FA7A7EA908	DENSE-SORT-STABLE	COMMON-NON-OD1	STABLE_SORT	DENSE-SORT-STABLE::VIEW-SORT-01::COMMON-NON-OD1::SUCCESS	e574e79ff17e7fad461b5ede6898eab698dfff49323cc165fed0f31f86e00b4a	REF-RUST-SORT-STABLE	1.02	SORT-RANDOM,SORT-SORTED,SORT-REVERSE,SORT-ORGAN-PIPE,SORT-DUPLICATE-90	TARGET-AARCH64-DARWIN,TARGET-X86_64-LINUX	DPERF-04256AB15EFC751E4056,DPERF-1B62B0EDA9610D94F097,DPERF-289F7337703EEEF33B83,DPERF-2B5C4DB5A4E62212F6E6,DPERF-2F69B2380EF38684E347,DPERF-5025CB4B0E470FFDFA14,DPERF-6C088B7FB0D92143D842,DPERF-73351016FC6750C53D2C,DPERF-86872F0692327DA2A9B6,DPERF-CA565D62E52578426616	95ca7836c5c81fdcfb017fa4d65c0a58d4a2e772f7b1302a80e9c79a665c32ee	Every exact normal representative of DENSE-SORT-STABLE under COMMON-NON-OD1 has an independent same-shape upper-ratio gate on each selected native target. No other operation or workload can mask a failure.	FROZEN_PROTOCOL
OPG-8F9AEE5B85AEE7626760	DENSE-VIEW-SPLIT-CHECKED	COMMON-NON-OD1	CHECKED_BORROW	DENSE-VIEW-SPLIT-CHECKED::VIEW-SPLIT-02::COMMON-NON-OD1::SUCCESS	dddadf35d56921aa2f54e2fe19cf2f6765369493fe7de6acddce459075e9a48c	REF-RUST-VEC	1.02	EDIT-FRONT,EDIT-MIDDLE,EDIT-BACK	TARGET-AARCH64-DARWIN,TARGET-X86_64-LINUX	DPERF-506097F41CCA94FA8156,DPERF-6DE0DDF4631FFEECC213,DPERF-B57253023D3E2363EEE2,DPERF-EA3C51A43533CDB851DB,DPERF-F616EACE295B6FFF61E0,DPERF-FA096C4DF5DFB50EA9D7	2a3dab05657265db82b9cfa4fd406a1b98c5ab1aa7d6dea943bd26b7d5cda6f5	Every exact normal representative of DENSE-VIEW-SPLIT-CHECKED under COMMON-NON-OD1 has an independent same-shape upper-ratio gate on each selected native target. No other operation or workload can mask a failure.	FROZEN_PROTOCOL
OPG-8FAE10ACBF6D5D4C8079	DENSE-VIEW-META	COMMON-NON-OD1	TOTAL	DENSE-VIEW-META::VIEW-META-01::COMMON-NON-OD1::SUCCESS	c3eab8b1467cf5efc7e6dd871dbb0538666db0577f7497ff2c2b89945140e180	REF-RUST-VEC	1.02	BASE	TARGET-AARCH64-DARWIN,TARGET-X86_64-LINUX	DPERF-13E2D8D1EE28AF3ECB52,DPERF-9F5E067E972AC8B4191B	3ba2ce4662be0db933a58c9f5911bf4cb06540afffdf18caa982e2c6efce29aa	Every exact normal representative of DENSE-VIEW-META under COMMON-NON-OD1 has an independent same-shape upper-ratio gate on each selected native target. No other operation or workload can mask a failure.	FROZEN_PROTOCOL
OPG-945AB36A8CA986281B8C	DENSE-FILL-CLONE	COMMON-NON-OD1	BEHAVIOR	DENSE-FILL-CLONE::VIEW-FILL-01::COMMON-NON-OD1::SUCCESS	7549e1db427ec65dc40478ba3dcdc69413398108bd6ded2da5fc8b39a0196bd7	REF-RUST-VEC	1.02	BASE	TARGET-AARCH64-DARWIN,TARGET-X86_64-LINUX	DPERF-A50CA61D153FBD3C19BC,DPERF-EE95541B319A29988161	9059a84e330b37541243a4c1e7805dee7bbd7232f8beb142a64ce7d792747da3	Every exact normal representative of DENSE-FILL-CLONE under COMMON-NON-OD1 has an independent same-shape upper-ratio gate on each selected native target. No other operation or workload can mask a failure.	FROZEN_PROTOCOL
OPG-98389AF4C5612FDD679B	DENSE-DEDUP-BY-KEY	COMMON-NON-OD1	BEHAVIOR	DENSE-DEDUP-BY-KEY::SEQ-DEDUP-01::COMMON-NON-OD1::SUCCESS	9a3f2dd4cd3a3316a2a298eef5fe05712b63b8d977ff82c443ede82f3adc4993	REF-RUST-VEC	1.02	RETAIN-10,RETAIN-50,RETAIN-90	TARGET-AARCH64-DARWIN,TARGET-X86_64-LINUX	DPERF-05AEB5889752B4801ADF,DPERF-23F3A945E1CCDB847AFB,DPERF-287C439C81CC7459C7E8,DPERF-686F10047338C7A336E9,DPERF-912801DB22C6D28B6B1A,DPERF-ED8422B50D756098ACA2	8e88e31bf8bfa52b549cfa08aa35ad6f524d6d89b6cc7089dd9c593065bec8cb	Every exact normal representative of DENSE-DEDUP-BY-KEY under COMMON-NON-OD1 has an independent same-shape upper-ratio gate on each selected native target. No other operation or workload can mask a failure.	FROZEN_PROTOCOL
OPG-98BE03422F54F26943F6	DENSE-VIEW-CONSUME-SPLIT	COMMON-NON-OD1	CHECKED_BORROW	DENSE-VIEW-CONSUME-SPLIT::VIEW-CONSUME-01::COMMON-NON-OD1::SUCCESS	abad1dbdb82391404ad9aeb5d0ae3cc34568747e5eb7314fbb2eb67659f44180	REF-RUST-VEC	1.02	EDIT-FRONT,EDIT-MIDDLE,EDIT-BACK	TARGET-AARCH64-DARWIN,TARGET-X86_64-LINUX	DPERF-0563305EACD43F2E40C2,DPERF-9100F3D172101CE575DC,DPERF-935994BB219852EEAC48,DPERF-A46E5965CCAB009EC357,DPERF-D7D8A4365A06E9657316,DPERF-FB6B17D911BEA3A72F64	dc34072655fe40f5847c058275965b263a909409f0946051ab499df8bb1207ec	Every exact normal representative of DENSE-VIEW-CONSUME-SPLIT under COMMON-NON-OD1 has an independent same-shape upper-ratio gate on each selected native target. No other operation or workload can mask a failure.	FROZEN_PROTOCOL
OPG-9C6E7939820148376EE8	DENSE-EXTEND-ITER	OD-1-RESERVE-FIRST	OD1_MUTATOR	DENSE-EXTEND-ITER::TRAIT-EXTEND-01::OD-1-RESERVE-FIRST::SUCCESS_GROW,DENSE-EXTEND-ITER::TRAIT-EXTEND-01::OD-1-RESERVE-FIRST::SUCCESS_NO_GROW	65e1477d1ed1c8485c85f8a23b4e223bba065e9bd376eb310982daa28fd688db	REF-RUST-VEC	1.02	BASE	TARGET-AARCH64-DARWIN,TARGET-X86_64-LINUX	DPERF-058F37F006D6841898D9,DPERF-7EE615D618FF46DBA322,DPERF-8BD4809FC0410A36D6FD,DPERF-95A607DFE2AAF2FB8975	d1fa5f274ff9974574d5ea0c233cd2abaa6ebb736bcfa9a80b77697541fb5721	Every exact normal representative of DENSE-EXTEND-ITER under OD-1-RESERVE-FIRST has an independent same-shape upper-ratio gate on each selected native target. No other operation or workload can mask a failure.	FROZEN_PROTOCOL
OPG-9DCF732EC11731FEFD66	DENSE-COMPARE	COMMON-NON-OD1	BEHAVIOR	DENSE-COMPARE::TRAIT-CMP-01::COMMON-NON-OD1::SUCCESS	bec2813331063d847cc1d27178785c2e8d0650f7f2d6bfeabd78e81a2fef8ec7	REF-RUST-VEC	1.02	BASE	TARGET-AARCH64-DARWIN,TARGET-X86_64-LINUX	DPERF-32AF09408A4B8EEB8E3E,DPERF-BC9F1030DC2519897E39	230a0158f43109c7951fab76086f36fb9f777e19a3f4e88e4fc4f224582236be	Every exact normal representative of DENSE-COMPARE under COMMON-NON-OD1 has an independent same-shape upper-ratio gate on each selected native target. No other operation or workload can mask a failure.	FROZEN_PROTOCOL
OPG-9E220EA3DCA7640F6F2A	DENSE-JOIN	COMMON-NON-OD1	ALLOCATING_BEHAVIOR	DENSE-JOIN::VIEW-CONCAT-01::COMMON-NON-OD1::SUCCESS	89bee2377b37053884cc8fabdf600833a0b0c916ca7080164d53bb7a612949de	REF-RUST-VEC	1.02	BASE	TARGET-AARCH64-DARWIN,TARGET-X86_64-LINUX	DPERF-33ADE529D1524C350481,DPERF-52884931650FE4E4597A	8cb03f54c8db1614fc460ebba07af4b9e23be52a2648c4b76ef9f7f150bfbb88	Every exact normal representative of DENSE-JOIN under COMMON-NON-OD1 has an independent same-shape upper-ratio gate on each selected native target. No other operation or workload can mask a failure.	FROZEN_PROTOCOL
OPG-9E5962135019D20949CD	DENSE-EAGER-EXTRACT	COMMON-NON-OD1	BEHAVIOR	DENSE-EAGER-EXTRACT::SEQ-EXTRACT-01::COMMON-NON-OD1::SUCCESS	619af728af047aeff1f81797fbcf766c61c8806f29a429978c64c66bf563ddda	REF-RUST-EXTRACT	1.02	RETAIN-10,RETAIN-50,RETAIN-90	TARGET-AARCH64-DARWIN,TARGET-X86_64-LINUX	DPERF-0D8656503564705F8C41,DPERF-2B9CC41E3215B3AF7A8C,DPERF-4BAE271A4B39E95A6D97,DPERF-BAE6C482370084380A88,DPERF-D92ECA7859CC96A55481,DPERF-F4315FEBBE8E0CAAB036	5e433640fab102f4d32ba638694a57e7037f9a16b28c3f5dd462059351a19fb1	Every exact normal representative of DENSE-EAGER-EXTRACT under COMMON-NON-OD1 has an independent same-shape upper-ratio gate on each selected native target. No other operation or workload can mask a failure.	FROZEN_PROTOCOL
OPG-A120B75D6D04E9986EF1	DENSE-EXTEND-ITER	OD-1-RECOVERABLE-MUTATORS	OD1_MUTATOR	DENSE-EXTEND-ITER::TRAIT-EXTEND-01::OD-1-RECOVERABLE-MUTATORS::SUCCESS_GROW,DENSE-EXTEND-ITER::TRAIT-EXTEND-01::OD-1-RECOVERABLE-MUTATORS::SUCCESS_NO_GROW	6283ccfcd426d7d91cf706935eb6272399063e3cb03f8fa7fa2a0297c0940207	REF-RUST-VEC	1.02	BASE	TARGET-AARCH64-DARWIN,TARGET-X86_64-LINUX	DPERF-086C2A4EF940336D6F98,DPERF-5CC6E838F112006118E3,DPERF-6AE6EF342391663FE49C,DPERF-E38539DBD1B59A118E5A	3af8e02d38ea2033b577756a2f306e922f58f6b284e9cc6be3f9626158f92745	Every exact normal representative of DENSE-EXTEND-ITER under OD-1-RECOVERABLE-MUTATORS has an independent same-shape upper-ratio gate on each selected native target. No other operation or workload can mask a failure.	FROZEN_PROTOCOL
OPG-A332F29E26AE28156F6E	DENSE-INTO-OWNER	COMMON-NON-OD1	TOTAL	DENSE-INTO-OWNER::VIEW-ALLOC-01::COMMON-NON-OD1::SUCCESS	d012d826223c7bd95e2c9641ee1576ea8ad227d1381ab2b74156fb66b293b5db	REF-RUST-VEC	1.02	BASE	TARGET-AARCH64-DARWIN,TARGET-X86_64-LINUX	DPERF-4F8A6B480C00CDB5DA71,DPERF-C1C66C9E2ACFC46240B9	ccda7eb04dcd7c75dec513c0aff9d81a12de6ff97f81cd9ae0c578b4ba151cf0	Every exact normal representative of DENSE-INTO-OWNER under COMMON-NON-OD1 has an independent same-shape upper-ratio gate on each selected native target. No other operation or workload can mask a failure.	FROZEN_PROTOCOL
OPG-A79155188E8066A5CE7A	DENSE-PUSH-UNIQ	OD-1-RESERVE-FIRST	OD1_MUTATOR	DENSE-PUSH-UNIQ::SEQ-PUSH-01::OD-1-RESERVE-FIRST::SUCCESS_GROW,DENSE-PUSH-UNIQ::SEQ-PUSH-01::OD-1-RESERVE-FIRST::SUCCESS_NO_GROW	b0ff131f78fc1da2e3fb1bf23cc0e3e0e6d5a9411ba31334e11e87844b3c999c	REF-RUST-VEC	1.02	BASE	TARGET-AARCH64-DARWIN,TARGET-X86_64-LINUX	DPERF-15F7B6BAA4B4A279F131,DPERF-420C68BE6AF250A94DBA,DPERF-78AB9CCC0173225C6A89,DPERF-CE937BA2E7019770EBE6	9df3e31bfcc51f88ca3db50b91cbff49aaa088eddb75000110468c2d07ae9e6c	Every exact normal representative of DENSE-PUSH-UNIQ under OD-1-RESERVE-FIRST has an independent same-shape upper-ratio gate on each selected native target. No other operation or workload can mask a failure.	FROZEN_PROTOCOL
OPG-AAB47952187EB38D8624	DENSE-RETAIN	COMMON-NON-OD1	BEHAVIOR	DENSE-RETAIN::SEQ-RETAIN-01::COMMON-NON-OD1::SUCCESS	a4ecc399d51d5fd45a90ae69a22c724ec3702587e0325cf9a16048a3c3d38dc1	REF-RUST-VEC	1.02	RETAIN-10,RETAIN-50,RETAIN-90	TARGET-AARCH64-DARWIN,TARGET-X86_64-LINUX	DPERF-1BF56A7E65B502724509,DPERF-27F396B21B100E5BEF82,DPERF-715A7398E4718F2F9068,DPERF-96E0ED8A27D8754AFB16,DPERF-A4B4C14580AF1AC8D443,DPERF-B12AB4D872C69A6F8C59	254a830b2530f4b3e132b3eb83d47655c16f9d88b9bf525ac8f123f10d9a7d2d	Every exact normal representative of DENSE-RETAIN under COMMON-NON-OD1 has an independent same-shape upper-ratio gate on each selected native target. No other operation or workload can mask a failure.	FROZEN_PROTOCOL
OPG-AE35238591629240FDC9	DENSE-POP	COMMON-NON-OD1	POP	DENSE-POP::SEQ-POP-01::COMMON-NON-OD1::VALUE_RETURNED	32a917a10d0c1065dccfebe069935ce37d4527462d393b82e3cc845cd33240d4	REF-RUST-VEC	1.02	BASE	TARGET-AARCH64-DARWIN,TARGET-X86_64-LINUX	DPERF-638E1C5F14612B9085F3,DPERF-7BF0389EC550AC877614,DPERF-C897538534B3EBD07876,DPERF-D4AF39ED2614152B06B7	4b410c9d9b29d13c2869e812f75c6d6aa7c5547dd30409c91f77e9656100dab0	Every exact normal representative of DENSE-POP under COMMON-NON-OD1 has an independent same-shape upper-ratio gate on each selected native target. No other operation or workload can mask a failure.	FROZEN_PROTOCOL
OPG-B14D6798434DA45A6D8D	DENSE-INSERT	OD-1-RECOVERABLE-MUTATORS	OD1_MUTATOR	DENSE-INSERT::SEQ-INSERT-01::OD-1-RECOVERABLE-MUTATORS::SUCCESS_GROW,DENSE-INSERT::SEQ-INSERT-01::OD-1-RECOVERABLE-MUTATORS::SUCCESS_NO_GROW	ecfe94c61d71d6bf10adca5f9e794bc70f50e95f6979ba2003fca0ce2ca03666	REF-RUST-VEC	1.02	EDIT-FRONT,EDIT-MIDDLE,EDIT-BACK	TARGET-AARCH64-DARWIN,TARGET-X86_64-LINUX	DPERF-34576131D5C6CD22FB76,DPERF-45C8E329823D0571127D,DPERF-5A2DA32A964FE77C908F,DPERF-6502D23C9A7523728B9B,DPERF-6EB05A99A08E9708C9A2,DPERF-72A3C19033EAFA722EC2,DPERF-8224EA0807D1D33953ED,DPERF-8E548A6C665D22277F7E,DPERF-A22CDAE7475C39D189C1,DPERF-CEA1256D824FCC588DFE,DPERF-EE81287ADED0DE4877C8,DPERF-EFCDFEE990CF1F68A103	f74704d4e128fffd7d844624ce9dae1c5a6db95aaf22a6845773a554c46f291a	Every exact normal representative of DENSE-INSERT under OD-1-RECOVERABLE-MUTATORS has an independent same-shape upper-ratio gate on each selected native target. No other operation or workload can mask a failure.	FROZEN_PROTOCOL
OPG-B3D36B19989AB3D06428	DENSE-INSERT	OD-1-RESERVE-FIRST	OD1_MUTATOR	DENSE-INSERT::SEQ-INSERT-01::OD-1-RESERVE-FIRST::SUCCESS_GROW,DENSE-INSERT::SEQ-INSERT-01::OD-1-RESERVE-FIRST::SUCCESS_NO_GROW	5141a473aa1448972fad747fdbd3b6b6499e1dd531b48bb5baee4e95cec93a1e	REF-RUST-VEC	1.02	EDIT-FRONT,EDIT-MIDDLE,EDIT-BACK	TARGET-AARCH64-DARWIN,TARGET-X86_64-LINUX	DPERF-0C967A5A2FC787D1F5F8,DPERF-14BAAE0A791319D81EE2,DPERF-1D904747D339DF4550B3,DPERF-2769DE9BEA18CB82909C,DPERF-381183CE7F4B1F8BDEF1,DPERF-3B3AEE7999695D0FC25B,DPERF-86C82D2AFC421831DB80,DPERF-C64D393A80933C97050D,DPERF-D04A615399BA7BAA3B5E,DPERF-D4F05381286CDCA3CC57,DPERF-DA59C56AADC34E48CB4E,DPERF-F8E6E8A4F22186F0918A	76fce582b805476e0a4700516120d0df394317f1fd1fa334c3cf753ca4e8805b	Every exact normal representative of DENSE-INSERT under OD-1-RESERVE-FIRST has an independent same-shape upper-ratio gate on each selected native target. No other operation or workload can mask a failure.	FROZEN_PROTOCOL
OPG-B47E1D04476C902D0806	DENSE-SWAP-REMOVE	COMMON-NON-OD1	SWAP_REMOVE	DENSE-SWAP-REMOVE::SEQ-REMOVE-01::COMMON-NON-OD1::SUCCESS	fce965f6add341f86aef571940266f672ee8c4aea5968369d05c176224a703f7	REF-RUST-VEC	1.02	EDIT-FRONT,EDIT-MIDDLE,EDIT-BACK	TARGET-AARCH64-DARWIN,TARGET-X86_64-LINUX	DPERF-4897EF405EC3C9D898EA,DPERF-4C350A2C2775F3EC0170,DPERF-8C92F4CD17F9E6C0355D,DPERF-A55F8CF0FC2A6A7159D1,DPERF-A74C1D815CC2A5A77A5C,DPERF-E7BDF0534EFF4A437462,DPERF-EE149B61A0EB125F8A39,DPERF-FC8A1FA2F6A9ADC126DC	d1fd5a21e672fa00290bf425eb96df461b38eab6770c8acb55c57f7d5462c95b	Every exact normal representative of DENSE-SWAP-REMOVE under COMMON-NON-OD1 has an independent same-shape upper-ratio gate on each selected native target. No other operation or workload can mask a failure.	FROZEN_PROTOCOL
OPG-B4BD52352ADE0014314B	DENSE-INIT-COPY	COMMON-NON-OD1	INIT_COPY	DENSE-INIT-COPY::INIT-WRITE-01::COMMON-NON-OD1::SUCCESS	f69ce52ef61616b2cb6ba0f09229021abea1357593d74aea2d130e13b96624d4	REF-RUST-VEC	1.02	BASE	TARGET-AARCH64-DARWIN,TARGET-X86_64-LINUX	DPERF-B4ED880B94B8D312FB61,DPERF-C5514723D33CD90B28C2	bf29fcdbc9bbad2e9db3aed90c6c9f87d1cb1704c35fbdf91013b179e077d5c3	Every exact normal representative of DENSE-INIT-COPY under COMMON-NON-OD1 has an independent same-shape upper-ratio gate on each selected native target. No other operation or workload can mask a failure.	FROZEN_PROTOCOL
OPG-B687657E6D24F584B757	DENSE-COLLECT	OD-1-RECOVERABLE-MUTATORS	OD1_CONSTRUCTOR	DENSE-COLLECT::TRAIT-COLLECT-01::OD-1-RECOVERABLE-MUTATORS::SUCCESS	db44bf6089c061684072d4f37b37fed3388ef020571a7a1341cfbfdd431b3f31	REF-RUST-VEC	1.02	BASE	TARGET-AARCH64-DARWIN,TARGET-X86_64-LINUX	DPERF-5C0FE79A2DA15B2D487F,DPERF-F710D2798E3C3980B782	9e71231ac2ec8e315efa399e1afb80c1ccf2c804f908896414d054ac129cbe30	Every exact normal representative of DENSE-COLLECT under OD-1-RECOVERABLE-MUTATORS has an independent same-shape upper-ratio gate on each selected native target. No other operation or workload can mask a failure.	FROZEN_PROTOCOL
OPG-BBB4C643128C9D3668CF	DENSE-META	COMMON-NON-OD1	TOTAL	DENSE-META::SEQ-META-01::COMMON-NON-OD1::SUCCESS	4b7815f14fdf4ee2f2a2286a256ffd301b55efb1e05cca6845d6225e6c3dee95	REF-RUST-VEC	1.02	BASE	TARGET-AARCH64-DARWIN,TARGET-X86_64-LINUX	DPERF-BB955F8E8427A548C234,DPERF-E13FE52D7A514CAF1443	70cc730852487716a061f828e24477e4a8edfe32bf8b171f608b537a3be340a1	Every exact normal representative of DENSE-META under COMMON-NON-OD1 has an independent same-shape upper-ratio gate on each selected native target. No other operation or workload can mask a failure.	FROZEN_PROTOCOL
OPG-BEF5A39FF136D0D7C4E0	DENSE-FRESH-CLONE	COMMON-NON-OD1	ALLOCATING_BEHAVIOR	DENSE-FRESH-CLONE::TRAIT-CLONE-01::COMMON-NON-OD1::SUCCESS,DENSE-FRESH-CLONE::VIEW-ALLOC-01::COMMON-NON-OD1::SUCCESS	34398accdc561c82d65d3ec69bd92405d0d5374126e38fb59797eec3e7f4ed3a	REF-RUST-VEC	1.02	BASE	TARGET-AARCH64-DARWIN,TARGET-X86_64-LINUX	DPERF-039A9039673527321C49,DPERF-49A978DC851181F52732,DPERF-66DE1F8B4D79C4F87C40,DPERF-F0C3E7AC124C096CE391	6505d014190958372b69362f2f1768ccc2069a1cb6f632750ab3881367885186	Every exact normal representative of DENSE-FRESH-CLONE under COMMON-NON-OD1 has an independent same-shape upper-ratio gate on each selected native target. No other operation or workload can mask a failure.	FROZEN_PROTOCOL
OPG-BF53978431A9491305A9	DENSE-NEW	COMMON-NON-OD1	TOTAL	DENSE-NEW::SEQ-META-01::COMMON-NON-OD1::SUCCESS	5596e6747bb47a62121a3e637f68c1a58a538a74eaef97be6c67b252f9fe4d26	REF-RUST-VEC	1.02	BASE	TARGET-AARCH64-DARWIN,TARGET-X86_64-LINUX	DPERF-3C12D955310FD47023EC,DPERF-49A2DD02B8DDC00217AA	3c14c70ddbe2a5ca0066b28be0d02d456bcb4bb0751361c9f4eff466c22f9010	Every exact normal representative of DENSE-NEW under COMMON-NON-OD1 has an independent same-shape upper-ratio gate on each selected native target. No other operation or workload can mask a failure.	FROZEN_PROTOCOL
OPG-C07F204B2A51B5D25F81	DENSE-PUSH-UNIQ	OD-1-RECOVERABLE-MUTATORS	OD1_MUTATOR	DENSE-PUSH-UNIQ::SEQ-PUSH-01::OD-1-RECOVERABLE-MUTATORS::SUCCESS_GROW,DENSE-PUSH-UNIQ::SEQ-PUSH-01::OD-1-RECOVERABLE-MUTATORS::SUCCESS_NO_GROW	19ecb225d167530aa0815ea745c75f5c217c3925747d79c8c950b93902316994	REF-RUST-VEC	1.02	BASE	TARGET-AARCH64-DARWIN,TARGET-X86_64-LINUX	DPERF-6B1837026FA6C581D360,DPERF-A39AA368E45DF4E89379,DPERF-D48B0135F122C97B3656,DPERF-E5F427B975628AB03B04	47d80a4c58d2f8944d68bacb5e87123c8c62282b774eb4ed15ceff216909cacf	Every exact normal representative of DENSE-PUSH-UNIQ under OD-1-RECOVERABLE-MUTATORS has an independent same-shape upper-ratio gate on each selected native target. No other operation or workload can mask a failure.	FROZEN_PROTOCOL
OPG-C41F1B5240DF98401BF6	DENSE-CLONE-FROM	COMMON-NON-OD1	CLONE_FROM	DENSE-CLONE-FROM::TRAIT-CLONE-01::COMMON-NON-OD1::SUCCESS,DENSE-CLONE-FROM::VIEW-CLONE-01::COMMON-NON-OD1::SUCCESS	527d9958be83c06c80fe54aa033623a9594cece46754f6d44520210452fbe9b0	REF-RUST-VEC	1.02	CLONE-FROM-DST-SHORTER,CLONE-FROM-EQUAL,CLONE-FROM-DST-LONGER	TARGET-AARCH64-DARWIN,TARGET-X86_64-LINUX	DPERF-0B779DDF6B5D614601C7,DPERF-101E648691CD921B33D8,DPERF-1F0DE35478AE54D8A075,DPERF-1FEF8F594FF8187D1FEF,DPERF-2AB948262D8ABE2AA9B4,DPERF-32CBF43B2ABA9E43406D,DPERF-6AA2B5DF9C6DC758A001,DPERF-77F2D5D6051B91FF6817,DPERF-815C323D6A10F1562AC8,DPERF-915E254AD30A1A348DE2,DPERF-9386E054BA9E46FD2AB3,DPERF-9D1D0F2B02EFCFCA10DF,DPERF-C9AE6FC43767DD784582,DPERF-D9065B99901359567F07	3d6764b21262429e220c6824089ffb10e12abcad225fe295462e32f6c4800fee	Every exact normal representative of DENSE-CLONE-FROM under COMMON-NON-OD1 has an independent same-shape upper-ratio gate on each selected native target. No other operation or workload can mask a failure.	FROZEN_PROTOCOL
OPG-CA1AFBFA77519CE2D186	DENSE-APPEND-MOVE	OD-1-RESERVE-FIRST	OD1_MUTATOR	DENSE-APPEND-MOVE::SEQ-APPEND-01::OD-1-RESERVE-FIRST::SUCCESS_GROW,DENSE-APPEND-MOVE::SEQ-APPEND-01::OD-1-RESERVE-FIRST::SUCCESS_NO_GROW	baacbbf941606a9e8782ad670e131af100285dd8a3c56aaa3b398725b65578a6	REF-RUST-VEC	1.02	BASE	TARGET-AARCH64-DARWIN,TARGET-X86_64-LINUX	DPERF-348D0D4F80EAB272BF5A,DPERF-5C0ADB133512DEB87DC2,DPERF-C499473A51101CB51301,DPERF-EF7DF243564B24F82C32	69ffe6b3746c62ea2f507c0f9f52f53ec5bb64ea07d869e807cb4028c0619276	Every exact normal representative of DENSE-APPEND-MOVE under OD-1-RESERVE-FIRST has an independent same-shape upper-ratio gate on each selected native target. No other operation or workload can mask a failure.	FROZEN_PROTOCOL
OPG-CDE9D6FA8A43F45A5EB5	DENSE-TRY-RESERVE	COMMON-NON-OD1	RESERVE_RECOVERABLE	DENSE-TRY-RESERVE::SEQ-TRY-RESERVE-01::COMMON-NON-OD1::SUCCESS_GROW,DENSE-TRY-RESERVE::SEQ-TRY-RESERVE-01::COMMON-NON-OD1::SUCCESS_NO_GROW	4b1b7f2138fedbe80702202fe7ff4de1a0aafb97358c4ae720b6abd59dc2fb62	REF-RUST-VEC	1.02	BASE	TARGET-AARCH64-DARWIN,TARGET-X86_64-LINUX	DPERF-0A1467C591017213CF27,DPERF-32AA15B36A39B3FB523E,DPERF-4A5D591BF056E565F1DD,DPERF-F77E4910C6D01941DBD8	59230d5b47cb644e34c59166c4effee97cb8528550f2784c73284dcabd5ce1f2	Every exact normal representative of DENSE-TRY-RESERVE under COMMON-NON-OD1 has an independent same-shape upper-ratio gate on each selected native target. No other operation or workload can mask a failure.	FROZEN_PROTOCOL
OPG-CE8D5987EBEA1163124A	DENSE-EXTEND-CLONE	OD-1-RECOVERABLE-MUTATORS	OD1_MUTATOR	DENSE-EXTEND-CLONE::SEQ-EXTEND-COPY-01::OD-1-RECOVERABLE-MUTATORS::SUCCESS_GROW,DENSE-EXTEND-CLONE::SEQ-EXTEND-COPY-01::OD-1-RECOVERABLE-MUTATORS::SUCCESS_NO_GROW	14d81a79b8b6419b1b4fc35588b4c78b24862f9051213378e4c1e02932dfb3e6	REF-RUST-VEC	1.02	BASE	TARGET-AARCH64-DARWIN,TARGET-X86_64-LINUX	DPERF-02443E2E3CD3A4241606,DPERF-03B38E302911DBE77841,DPERF-551B8D2B35B1C556B910,DPERF-A1B6087B4280DFDA93E2	000c03cff70cc3827165aef14ef440adabb61f7c3281e904436c3b4059ab1cfa	Every exact normal representative of DENSE-EXTEND-CLONE under OD-1-RECOVERABLE-MUTATORS has an independent same-shape upper-ratio gate on each selected native target. No other operation or workload can mask a failure.	FROZEN_PROTOCOL
OPG-D274676CAD6FBFFEE0B3	DENSE-ITER-UNIQ	COMMON-NON-OD1	ITER_BORROW	DENSE-ITER-UNIQ::TRAIT-INTOITER-01::COMMON-NON-OD1::NEXT_SOME	65a7bf5caec16a63fab5300f9c6661b5c2efc608ae7ccb747188b65c54c23734	REF-RUST-INTOITER	1.02	BASE	TARGET-AARCH64-DARWIN,TARGET-X86_64-LINUX	DPERF-7C73D3C17A85711085C0,DPERF-DA25B2489853AD63674D	90cad4d433dd18600e4ba77422b871608c35ea7aca62d50614925bd9c606de9e	Every exact normal representative of DENSE-ITER-UNIQ under COMMON-NON-OD1 has an independent same-shape upper-ratio gate on each selected native target. No other operation or workload can mask a failure.	FROZEN_PROTOCOL
OPG-D5987F854FD7E299CF56	DENSE-PUSH	OD-1-RESERVE-FIRST	OD1_MUTATOR	DENSE-PUSH::SEQ-PUSH-01::OD-1-RESERVE-FIRST::SUCCESS_GROW,DENSE-PUSH::SEQ-PUSH-01::OD-1-RESERVE-FIRST::SUCCESS_NO_GROW	1492d7af92f552298a18df61eb4cd27a57c9054d6ac51bc00094d2ab50072ea2	REF-RUST-VEC	1.02	BASE	TARGET-AARCH64-DARWIN,TARGET-X86_64-LINUX	DPERF-0FACCC871A39F21184A0,DPERF-1F329F0417BBEFA589DB,DPERF-29A74B5C0F6D9FE064DB,DPERF-D0A7C3AAAC049B0E690D	2d63f39559ec3714724be6c5692c40d1e25d4d5dbf43d9a65036290452772d6f	Every exact normal representative of DENSE-PUSH under OD-1-RESERVE-FIRST has an independent same-shape upper-ratio gate on each selected native target. No other operation or workload can mask a failure.	FROZEN_PROTOCOL
OPG-D7C239F083853B2AAAC4	DENSE-ITER-SHARED	COMMON-NON-OD1	ITER_BORROW	DENSE-ITER-SHARED::TRAIT-INTOITER-01::COMMON-NON-OD1::NEXT_SOME	699de220575d1c1a629a23b4e5e8b17c19d2fce6fa4aeb1b3110954bd0920276	REF-RUST-INTOITER	1.02	BASE	TARGET-AARCH64-DARWIN,TARGET-X86_64-LINUX	DPERF-65D377EF1E7F81FD8E63,DPERF-65EC3CEDAF5742A1A7E0	84e476b696812ba37fe62f4f3d780eea79d18d3140c1e8cceede46f305b2301b	Every exact normal representative of DENSE-ITER-SHARED under COMMON-NON-OD1 has an independent same-shape upper-ratio gate on each selected native target. No other operation or workload can mask a failure.	FROZEN_PROTOCOL
OPG-D8BAC605A65B21874F8B	DENSE-CONVERT	COMMON-NON-OD1	ALLOCATING_BEHAVIOR	DENSE-CONVERT::TRAIT-CONVERT-01::COMMON-NON-OD1::SUCCESS	0397d62803ab316ae0d2ce3c56538acbb9e68a659cba0b1b0793fa365366d59d	REF-RUST-VEC	1.02	BASE	TARGET-AARCH64-DARWIN,TARGET-X86_64-LINUX	DPERF-24260B51B7471EBE9C8D,DPERF-24A94AAAED951B544F13	7eeffaeb931b5a5b89810e1883abc033afea4ab7ff43afffb925d4149ffe3df2	Every exact normal representative of DENSE-CONVERT under COMMON-NON-OD1 has an independent same-shape upper-ratio gate on each selected native target. No other operation or workload can mask a failure.	FROZEN_PROTOCOL
OPG-D93CAFF1A470DA142E2E	DENSE-DEDUP-BY	COMMON-NON-OD1	BEHAVIOR	DENSE-DEDUP-BY::SEQ-DEDUP-01::COMMON-NON-OD1::SUCCESS	700ec42a36b6924600590f3205af4f5f7cbabc1376e2f2b23f06010e734498d8	REF-RUST-VEC	1.02	RETAIN-10,RETAIN-50,RETAIN-90	TARGET-AARCH64-DARWIN,TARGET-X86_64-LINUX	DPERF-5E9B4934FC125FFF8F2C,DPERF-6C7D9A0D9BAF4C4B047A,DPERF-6EC9DEBF4B115DDDEB1A,DPERF-B4A444F999533B75FBD6,DPERF-CA900188ACB54E897294,DPERF-F0C830F092F1167F27E6	288793b95c610e65427c196637e65f5f1f6f27a41fbc8d2d041776e5e4020274	Every exact normal representative of DENSE-DEDUP-BY under COMMON-NON-OD1 has an independent same-shape upper-ratio gate on each selected native target. No other operation or workload can mask a failure.	FROZEN_PROTOCOL
OPG-D97C20DC7EEC157A91E8	DENSE-VIEW-END-CHUNK	COMMON-NON-OD1	OPTION_BORROW	DENSE-VIEW-END-CHUNK::VIEW-END-CHUNK-01::COMMON-NON-OD1::ABSENT,DENSE-VIEW-END-CHUNK::VIEW-END-CHUNK-01::COMMON-NON-OD1::PRESENT	3970ce2b353f3c95b9372f63c6a1cd86564a4097e6010b1b1ff6e3307f9c28b7	REF-RUST-VEC	1.02	BASE	TARGET-AARCH64-DARWIN,TARGET-X86_64-LINUX	DPERF-01E78578B35D4F7D172E,DPERF-3B5DC3D2C662C5FFE39B,DPERF-5D9550E208FC4890C4D0,DPERF-96AE95E6B3EB6EC211DC	8b9d4d650d06902a071aa38c48eea28184e9c5c940f26041113aad240f3f6545	Every exact normal representative of DENSE-VIEW-END-CHUNK under COMMON-NON-OD1 has an independent same-shape upper-ratio gate on each selected native target. No other operation or workload can mask a failure.	FROZEN_PROTOCOL
OPG-DE643424DA3CDEC09BFD	DENSE-INSERT-UNIQ	OD-1-RESERVE-FIRST	OD1_MUTATOR	DENSE-INSERT-UNIQ::SEQ-INSERT-01::OD-1-RESERVE-FIRST::SUCCESS_GROW,DENSE-INSERT-UNIQ::SEQ-INSERT-01::OD-1-RESERVE-FIRST::SUCCESS_NO_GROW	31589562ec79d5a71d4fe997a9cf9550a3a7ed9b1646ffac8413425ff1acaff3	REF-RUST-VEC	1.02	EDIT-FRONT,EDIT-MIDDLE,EDIT-BACK	TARGET-AARCH64-DARWIN,TARGET-X86_64-LINUX	DPERF-22ED913710D10AAC7B9C,DPERF-2566BCDCB84D5C52BD65,DPERF-769355E3AF61F79CAB39,DPERF-774DE2FFBC48AD67DECD,DPERF-8206CA33987B9FD3BBED,DPERF-8BB39C0A678C6036F206,DPERF-A5E3406B532A8E7695EC,DPERF-C44500BC9B0269CC8D56,DPERF-C961EAD57731657AE150,DPERF-CB832FDBFBC97DA406D1,DPERF-CD6F421C2BEE6583AEC7,DPERF-DDDFBDEA3F5CDC6E66A7	af31357eeb3ebf69b41d294ccbd30fa21926ce8d26e4eb59a7815a7c99686c1e	Every exact normal representative of DENSE-INSERT-UNIQ under OD-1-RESERVE-FIRST has an independent same-shape upper-ratio gate on each selected native target. No other operation or workload can mask a failure.	FROZEN_PROTOCOL
OPG-DEB28FD551C99CAA4464	DENSE-COPY-WITHIN	COMMON-NON-OD1	CHECKED_MUTATION	DENSE-COPY-WITHIN::VIEW-COPY-01::COMMON-NON-OD1::SUCCESS	0e3ec62ba5fbafc91b82c06cab64926edba08afe01fba4f79ba53de5e8563cb8	REF-RUST-VEC	1.02	EDIT-FRONT,EDIT-MIDDLE,EDIT-BACK	TARGET-AARCH64-DARWIN,TARGET-X86_64-LINUX	DPERF-2EEF9BF6EFCE7D7CA53E,DPERF-3F225D8904F0D96CA0CC,DPERF-6F0C87B8DA4F0A69DF8D,DPERF-716D8C1948924393E764,DPERF-8CC8BB50D8BA3D6E13BF,DPERF-99AF4F737EA1C681DBEC,DPERF-A642E7D9007C6776136B,DPERF-F5A4446EDBFB67667F4A	a549bd663533a19e821993d19a30ff2555d55234a814d877e134bf32428d5a4c	Every exact normal representative of DENSE-COPY-WITHIN under COMMON-NON-OD1 has an independent same-shape upper-ratio gate on each selected native target. No other operation or workload can mask a failure.	FROZEN_PROTOCOL
OPG-EB7E0B65F01909697D5C	DENSE-INSERT-UNIQ	OD-1-RECOVERABLE-MUTATORS	OD1_MUTATOR	DENSE-INSERT-UNIQ::SEQ-INSERT-01::OD-1-RECOVERABLE-MUTATORS::SUCCESS_GROW,DENSE-INSERT-UNIQ::SEQ-INSERT-01::OD-1-RECOVERABLE-MUTATORS::SUCCESS_NO_GROW	6d07513b2baa1c1c1afb3bcec409036ef639eec947fc10312c39d4ba066061a5	REF-RUST-VEC	1.02	EDIT-FRONT,EDIT-MIDDLE,EDIT-BACK	TARGET-AARCH64-DARWIN,TARGET-X86_64-LINUX	DPERF-20C0465414AA4589CCFA,DPERF-2FFFDCE59C46B85C6EA0,DPERF-406F3BBCF2B7E7346541,DPERF-49CAC6B70720B074377F,DPERF-739280133291DEFBC7D2,DPERF-7C06486C0DFADEE4D78E,DPERF-8ABF86A181D21558497D,DPERF-AC685837393B82A1CFD4,DPERF-CA4E9B01F01CA58E89FD,DPERF-CD1A70E3C22E4570CCD7,DPERF-F55633FEF019F9813C6E,DPERF-F5B94752DACCEFBAFF0A	9a16c87538726559d4d26c7ce7fb41103710fde9e47d299043521c2dc33f6814	Every exact normal representative of DENSE-INSERT-UNIQ under OD-1-RECOVERABLE-MUTATORS has an independent same-shape upper-ratio gate on each selected native target. No other operation or workload can mask a failure.	FROZEN_PROTOCOL
OPG-EBCF88481C5D7A32C649	DENSE-EXTEND-CLONE	OD-1-RESERVE-FIRST	OD1_MUTATOR	DENSE-EXTEND-CLONE::SEQ-EXTEND-COPY-01::OD-1-RESERVE-FIRST::SUCCESS_GROW,DENSE-EXTEND-CLONE::SEQ-EXTEND-COPY-01::OD-1-RESERVE-FIRST::SUCCESS_NO_GROW	6ab37bd2c52704922339d8906ea12d78ec79b97a76eee0b9ff9644d21a351b55	REF-RUST-VEC	1.02	BASE	TARGET-AARCH64-DARWIN,TARGET-X86_64-LINUX	DPERF-1C921C3230F21B58C1F6,DPERF-38B19C3D7656AB364A0A,DPERF-A64E866F11C805138137,DPERF-D5E6339C088D22B656A2	566bb45a0b7aa43368aa24a09c0b9b900c22156095e5f21432c4eceba35df76e	Every exact normal representative of DENSE-EXTEND-CLONE under OD-1-RESERVE-FIRST has an independent same-shape upper-ratio gate on each selected native target. No other operation or workload can mask a failure.	FROZEN_PROTOCOL
OPG-EEF037BBC9D5AE20124C	DENSE-DEFAULT	COMMON-NON-OD1	TOTAL	DENSE-DEFAULT::TRAIT-DEFAULT-01::COMMON-NON-OD1::SUCCESS	2301bf51bd48aefe22aa7d762850e067c36c5e859a11b69676551cc50b68c85a	REF-RUST-VEC	1.02	BASE	TARGET-AARCH64-DARWIN,TARGET-X86_64-LINUX	DPERF-19FD6E4534712D2480D1,DPERF-2205CC5432AEF99751FA	b5bafb03dd1bb5fd85c85fa453dbf21516235da38fcc13dc46b1f1b474c22a0a	Every exact normal representative of DENSE-DEFAULT under COMMON-NON-OD1 has an independent same-shape upper-ratio gate on each selected native target. No other operation or workload can mask a failure.	FROZEN_PROTOCOL
OPG-F00F52BC159D18993665	DENSE-RESIZE-WITH	OD-1-RESERVE-FIRST	OD1_MUTATOR	DENSE-RESIZE-WITH::SEQ-RESIZE-01::OD-1-RESERVE-FIRST::SUCCESS_GROW,DENSE-RESIZE-WITH::SEQ-RESIZE-01::OD-1-RESERVE-FIRST::SUCCESS_NO_GROW	eeb48e67c8aa07e0cc15bbfdf02fea962eb6a704cb787dab9cfc2ad0df9d22a5	REF-RUST-VEC	1.02	BASE	TARGET-AARCH64-DARWIN,TARGET-X86_64-LINUX	DPERF-00496748C41E9AC41BCE,DPERF-31BE92450188905D8B4B,DPERF-95108435ECA6E3428F0D,DPERF-D3EE40C25C5033951DC7	9e544a7b5635bcd0b4fe0500719c5e9797c19b17e2f2688c9409497eda277c4e	Every exact normal representative of DENSE-RESIZE-WITH under OD-1-RESERVE-FIRST has an independent same-shape upper-ratio gate on each selected native target. No other operation or workload can mask a failure.	FROZEN_PROTOCOL
OPG-F3936247B06AAC3423AC	DENSE-EAGER-SPLICE	OD-1-RESERVE-FIRST	OD1_MUTATOR	DENSE-EAGER-SPLICE::SEQ-SPLICE-01::OD-1-RESERVE-FIRST::SUCCESS_GROW,DENSE-EAGER-SPLICE::SEQ-SPLICE-01::OD-1-RESERVE-FIRST::SUCCESS_NO_GROW	20788e805fe6f48216b4775435cd4406dd6abc3a8d82a625fb10c38e3ef45c40	REF-RUST-SPLICE	1.02	SPLICE-BACK-REPL-EQUAL,SPLICE-BACK-REPL-LONGER,SPLICE-BACK-REPL-SHORTER,SPLICE-FRONT-REPL-EQUAL,SPLICE-FRONT-REPL-LONGER,SPLICE-FRONT-REPL-SHORTER,SPLICE-MIDDLE-REPL-EQUAL,SPLICE-MIDDLE-REPL-LONGER,SPLICE-MIDDLE-REPL-SHORTER	TARGET-AARCH64-DARWIN,TARGET-X86_64-LINUX	DPERF-0159E4E588EC4E79D0FD,DPERF-109EE80EB183D130F9ED,DPERF-12CCECF934F7336704F8,DPERF-22780E180110044F04F8,DPERF-2BF2C0731A2A2F7D423F,DPERF-3999AD7113561E27FD0F,DPERF-3C7028AE0E2F09C06B7A,DPERF-40F109E5B1A926C33295,DPERF-41C3790D9708D3FBAC95,DPERF-4C15241C4CC117074DF7,DPERF-57DBF12207A789519560,DPERF-5A7A577E4941945294E2,DPERF-5B0CC02F1BE6BD6DB54A,DPERF-660A736B9E32F196BF24,DPERF-6ACCB81A8577E2EDB227,DPERF-6B1FF585736E68F29213,DPERF-6D7AD705AD8A348B379A,DPERF-6E8B4555F36148F2BA0D,DPERF-71366A06DF8729BC25B9,DPERF-7587BE0DAD7266C7A205,DPERF-8946FEDAAFB34A249534,DPERF-8F65A701D0FC44979739,DPERF-9DF30631D781C0CB5F0E,DPERF-9E69A02E23D85867AC22,DPERF-A3C920E2868AABAD8F13,DPERF-A71BD6166E1C3FC866FD,DPERF-BBD0652B4596D3D926A7,DPERF-C38897AA109C2A2740CA,DPERF-C9515CB664C900BF18EC,DPERF-D217FD41E333A4ED5319,DPERF-D39BD52372CAC835D58B,DPERF-D99EEDD6992C5CA5C0D5,DPERF-E6BD246364DC5340525E,DPERF-EE7FB2F2B632ED3BB829,DPERF-F5C19D7EAABB4CE3264F,DPERF-F8C3B8DF2525F0D3E261	3287c0271ca2ed453d86866e5a74833c045017a485a2c5fb39fd57451602096f	Every exact normal representative of DENSE-EAGER-SPLICE under OD-1-RESERVE-FIRST has an independent same-shape upper-ratio gate on each selected native target. No other operation or workload can mask a failure.	FROZEN_PROTOCOL
OPG-F4C798E1403FC0C39412	DENSE-FIXED-VIEW	COMMON-NON-OD1	TOTAL_BORROW	DENSE-FIXED-VIEW::ARR-VIEW-01::COMMON-NON-OD1::SUCCESS	6118fa5033f80a6c35504bf513987ae16ece899fc8fd65aebf99e2b03ee0f694	REF-RUST-VEC	1.02	BASE	TARGET-AARCH64-DARWIN,TARGET-X86_64-LINUX	DPERF-4F8000E2B8F82019047A,DPERF-AE4F219165CBD1E66CA4	0be0aa802605e96560738cfd12a4f71799104979f901bb1bf232a0cc1f7f2b23	Every exact normal representative of DENSE-FIXED-VIEW under COMMON-NON-OD1 has an independent same-shape upper-ratio gate on each selected native target. No other operation or workload can mask a failure.	FROZEN_PROTOCOL
OPG-FABD1D399A2E6E23898E	DENSE-FIXED-EACH	COMMON-NON-OD1	TOTAL_BORROW	DENSE-FIXED-EACH::ARR-EACH-01::COMMON-NON-OD1::SUCCESS	3d26461413f03065a408b8ca237a1c4370faf9fd3193a75fd4938e880de61096	REF-RUST-VEC	1.02	BASE	TARGET-AARCH64-DARWIN,TARGET-X86_64-LINUX	DPERF-262EB14F40530C4100D8,DPERF-8E57E99C4A9C3065CF86	407f9c0650957418c885647a2f24120231da73b75cf5d3a44b8b0a2bf4e8ce5e	Every exact normal representative of DENSE-FIXED-EACH under COMMON-NON-OD1 has an independent same-shape upper-ratio gate on each selected native target. No other operation or workload can mask a failure.	FROZEN_PROTOCOL
OPG-FED8ACCF4513AF9A3750	DENSE-REMOVE	COMMON-NON-OD1	REMOVE	DENSE-REMOVE::SEQ-REMOVE-01::COMMON-NON-OD1::SUCCESS	c7bdd2e4753ccf448d19825f682eb7aa510003d8b9fbe9980c5d1869bf002376	REF-RUST-VEC	1.02	EDIT-FRONT,EDIT-MIDDLE,EDIT-BACK	TARGET-AARCH64-DARWIN,TARGET-X86_64-LINUX	DPERF-00B49D9986DA308406FF,DPERF-08AF4E6976D625BBF0C2,DPERF-2BE68431871D8B33F7D0,DPERF-2F09AFC5A4E821FCB1F3,DPERF-343DCB720CFBA55DF4AC,DPERF-529509D39E48A3C0D8E8,DPERF-677596B6F7BFF9A9A197,DPERF-D3DFE9DF96CA297AC90E	41939dd65854ea829580157de9759804529e3bc80b32b6ab9fa92e65d94125bf	Every exact normal representative of DENSE-REMOVE under COMMON-NON-OD1 has an independent same-shape upper-ratio gate on each selected native target. No other operation or workload can mask a failure.	FROZEN_PROTOCOL
OPG-OD4-SCOPED-CONSUME	PROTOCOL-OD4-SCOPED-CONSUME	OD-4-EAGER-AND-SCOPED-CONSUME	PROTOCOL_SYNTHETIC	OD4-POLICY-SCOPED-CONSUME	073c206be16fb9d85cfd7d90bd3743c21633b30ef1a93fd21828d3a1a5938bdd	REF-RUST-EXTRACT	1.02	SCOPED-CONTINUE,SCOPED-EARLY-STOP	TARGET-AARCH64-DARWIN,TARGET-X86_64-LINUX	DPERF-094D83F2C9AB6A07CE1F,DPERF-C11803D38F9FC3C12A86,DPERF-DB8A9B3D7F96D094B9BC,DPERF-FDB141832AD8A0247DB3	33c8f693648f186ca59d6d8bb6ac85db3b66c740ea364c1f9f0215f182a10447	The frozen OD4 scoped-consume policy requires independent continue and early-stop same-shape primary gates, zero mandatory removed-result allocation, deterministic call order, and repaired Dense state before normal return.	FROZEN_RESEARCH_PROTOCOL_BLOCKED_ON_EXECUTABLE_ARTIFACT
